PassengerId,Survived,Pclass,Age,SibSp,Parch,Fare,FamilySize,IsAlone,FarePerPerson,Sex_Male,Embarked_Q,Embarked_S,Title_Col,Title_Don,Title_Dr,Title_Jonkheer,Title_Lady,Title_Major,Title_Master,Title_Miss,Title_Mlle,Title_Mme,Title_Mr,Title_Mrs,Title_Ms,Title_Rev,Title_Sir,Title_the Countess
1,0,3,22.0,1.0,0,7.25,2.0,0,3.625,1,0,1,0,0,0,0,0,0,0,0,0,0,1,0,0,0,0,0
2,1,1,38.0,1.0,0,65.6344,2.0,0,32.8172,0,0,0,0,0,0,0,0,0,0,0,0,0,0,1,0,0,0,0
3,1,3,26.0,0.0,0,7.925,1.0,1,7.925,0,0,1,0,0,0,0,0,0,0,1,0,0,0,0,0,0,0,0
4,1,1,35.0,1.0,0,53.1,2.0,0,26.55,0,0,1,0,0,0,0,0,0,0,0,0,0,0,1,0,0,0,0
5,0,3,35.0,0.0,0,8.05,1.0,1,8.05,1,0,1,0,0,0,0,0,0,0,0,0,0,1,0,0,0,0,0
6,0,3,28.0,0.0,0,8.4583,1.0,1,8.4583,1,1,0,0,0,0,0,0,0,0,0,0,0,1,0,0,0,0,0
7,0,1,54.0,0.0,0,51.8625,1.0,1,51.8625,1,0,1,0,0,0,0,0,0,0,0,0,0,1,0,0,0,0,0
8,0,3,2.5,2.5,0,21.075,3.5,0,6.021428571428571,1,0,1,0,0,0,0,0,0,1,0,0,0,0,0,0,0,0,0
9,1,3,27.0,0.0,0,11.1333,1.0,1,11.1333,0,0,1,0,0,0,0,0,0,0,0,0,0,0,1,0,0,0,0
10,1,2,14.0,1.0,0,30.0708,2.0,0,15.0354,0,0,0,0,0,0,0,0,0,0,0,0,0,0,1,0,0,0,0
11,1,3,4.0,1.0,0,16.7,2.0,0,8.35,0,0,1,0,0,0,0,0,0,0,1,0,0,0,0,0,0,0,0
12,1,1,54.5,0.0,0,26.55,1.0,1,26.55,0,0,1,0,0,0,0,0,0,0,1,0,0,0,0,0,0,0,0
13,0,3,20.0,0.0,0,8.05,1.0,1,8.05,1,0,1,0,0,0,0,0,0,0,0,0,0,1,0,0,0,0,0
14,0,3,39.0,1.0,0,31.275,2.0,0,15.6375,1,0,1,0,0,0,0,0,0,0,0,0,0,1,0,0,0,0,0
15,0,3,14.0,0.0,0,7.8542,1.0,1,7.8542,0,0,1,0,0,0,0,0,0,0,1,0,0,0,0,0,0,0,0
16,1,2,54.5,0.0,0,16.0,1.0,1,16.0,0,0,1,0,0,0,0,0,0,0,0,0,0,0,1,0,0,0,0
17,0,3,2.5,2.5,0,29.125,3.5,0,8.321428571428571,1,1,0,0,0,0,0,0,0,1,0,0,0,0,0,0,0,0,0
18,1,2,28.0,0.0,0,13.0,1.0,1,13.0,1,0,1,0,0,0,0,0,0,0,0,0,0,1,0,0,0,0,0
19,0,3,31.0,1.0,0,18.0,2.0,0,9.0,0,0,1,0,0,0,0,0,0,0,0,0,0,0,1,0,0,0,0
20,1,3,28.0,0.0,0,7.225,1.0,1,7.225,0,0,0,0,0,0,0,0,0,0,0,0,0,0,1,0,0,0,0
21,0,2,35.0,0.0,0,26.0,1.0,1,26.0,1,0,1,0,0,0,0,0,0,0,0,0,0,1,0,0,0,0,0
22,1,2,34.0,0.0,0,13.0,1.0,1,13.0,1,0,1,0,0,0,0,0,0,0,0,0,0,1,0,0,0,0,0
23,1,3,15.0,0.0,0,8.0292,1.0,1,8.0292,0,1,0,0,0,0,0,0,0,0,1,0,0,0,0,0,0,0,0
24,1,1,28.0,0.0,0,35.5,1.0,1,35.5,1,0,1,0,0,0,0,0,0,0,0,0,0,1,0,0,0,0,0
25,0,3,8.0,2.5,0,21.075,3.5,0,6.021428571428571,0,0,1,0,0,0,0,0,0,0,1,0,0,0,0,0,0,0,0
26,1,3,38.0,1.0,0,31.3875,2.0,0,15.69375,0,0,1,0,0,0,0,0,0,0,0,0,0,0,1,0,0,0,0
27,0,3,28.0,0.0,0,7.225,1.0,1,7.225,1,0,0,0,0,0,0,0,0,0,0,0,0,1,0,0,0,0,0
28,0,1,19.0,2.5,0,65.6344,3.5,0,18.752685714285715,1,0,1,0,0,0,0,0,0,0,0,0,0,1,0,0,0,0,0
29,1,3,28.0,0.0,0,7.8792,1.0,1,7.8792,0,1,0,0,0,0,0,0,0,0,1,0,0,0,0,0,0,0,0
30,0,3,28.0,0.0,0,7.8958,1.0,1,7.8958,1,0,1,0,0,0,0,0,0,0,0,0,0,1,0,0,0,0,0
31,0,1,40.0,0.0,0,27.7208,1.0,1,27.7208,1,0,0,0,1,0,0,0,0,0,0,0,0,0,0,0,0,0,0
32,1,1,28.0,1.0,0,65.6344,2.0,0,32.8172,0,0,0,0,0,0,0,0,0,0,0,0,0,0,1,0,0,0,0
33,1,3,28.0,0.0,0,7.75,1.0,1,7.75,0,1,0,0,0,0,0,0,0,0,1,0,0,0,0,0,0,0,0
34,0,2,54.5,0.0,0,10.5,1.0,1,10.5,1,0,1,0,0,0,0,0,0,0,0,0,0,1,0,0,0,0,0
35,0,1,28.0,1.0,0,65.6344,2.0,0,32.8172,1,0,0,0,0,0,0,0,0,0,0,0,0,1,0,0,0,0,0
36,0,1,42.0,1.0,0,52.0,2.0,0,26.0,1,0,1,0,0,0,0,0,0,0,0,0,0,1,0,0,0,0,0
37,1,3,28.0,0.0,0,7.2292,1.0,1,7.2292,1,0,0,0,0,0,0,0,0,0,0,0,0,1,0,0,0,0,0
38,0,3,21.0,0.0,0,8.05,1.0,1,8.05,1,0,1,0,0,0,0,0,0,0,0,0,0,1,0,0,0,0,0
39,0,3,18.0,2.0,0,18.0,3.0,0,6.0,0,0,1,0,0,0,0,0,0,0,1,0,0,0,0,0,0,0,0
40,1,3,14.0,1.0,0,11.2417,2.0,0,5.62085,0,0,0,0,0,0,0,0,0,0,1,0,0,0,0,0,0,0,0
41,0,3,40.0,1.0,0,9.475,2.0,0,4.7375,0,0,1,0,0,0,0,0,0,0,0,0,0,0,1,0,0,0,0
42,0,2,27.0,1.0,0,21.0,2.0,0,10.5,0,0,1,0,0,0,0,0,0,0,0,0,0,0,1,0,0,0,0
43,0,3,28.0,0.0,0,7.8958,1.0,1,7.8958,1,0,0,0,0,0,0,0,0,0,0,0,0,1,0,0,0,0,0
44,1,2,3.0,1.0,0,41.5792,2.0,0,20.7896,0,0,0,0,0,0,0,0,0,0,1,0,0,0,0,0,0,0,0
45,1,3,19.0,0.0,0,7.8792,1.0,1,7.8792,0,1,0,0,0,0,0,0,0,0,1,0,0,0,0,0,0,0,0
46,0,3,28.0,0.0,0,8.05,1.0,1,8.05,1,0,1,0,0,0,0,0,0,0,0,0,0,1,0,0,0,0,0
47,0,3,28.0,1.0,0,15.5,2.0,0,7.75,1,1,0,0,0,0,0,0,0,0,0,0,0,1,0,0,0,0,0
48,1,3,28.0,0.0,0,7.75,1.0,1,7.75,0,1,0,0,0,0,0,0,0,0,1,0,0,0,0,0,0,0,0
49,0,3,28.0,2.0,0,21.6792,3.0,0,7.226400000000001,1,0,0,0,0,0,0,0,0,0,0,0,0,1,0,0,0,0,0
50,0,3,18.0,1.0,0,17.8,2.0,0,8.9,0,0,1,0,0,0,0,0,0,0,0,0,0,0,1,0,0,0,0
51,0,3,7.0,2.5,0,39.6875,3.5,0,11.339285714285714,1,0,1,0,0,0,0,0,0,1,0,0,0,0,0,0,0,0,0
52,0,3,21.0,0.0,0,7.8,1.0,1,7.8,1,0,1,0,0,0,0,0,0,0,0,0,0,1,0,0,0,0,0
53,1,1,49.0,1.0,0,65.6344,2.0,0,32.8172,0,0,0,0,0,0,0,0,0,0,0,0,0,0,1,0,0,0,0
54,1,2,29.0,1.0,0,26.0,2.0,0,13.0,0,0,1,0,0,0,0,0,0,0,0,0,0,0,1,0,0,0,0
55,0,1,54.5,0.0,0,61.9792,1.0,1,61.9792,1,0,0,0,0,0,0,0,0,0,0,0,0,1,0,0,0,0,0
56,1,1,28.0,0.0,0,35.5,1.0,1,35.5,1,0,1,0,0,0,0,0,0,0,0,0,0,1,0,0,0,0,0
57,1,2,21.0,0.0,0,10.5,1.0,1,10.5,0,0,1,0,0,0,0,0,0,0,1,0,0,0,0,0,0,0,0
58,0,3,28.5,0.0,0,7.2292,1.0,1,7.2292,1,0,0,0,0,0,0,0,0,0,0,0,0,1,0,0,0,0,0
59,1,2,5.0,1.0,0,27.75,2.0,0,13.875,0,0,1,0,0,0,0,0,0,0,1,0,0,0,0,0,0,0,0
60,0,3,11.0,2.5,0,46.9,3.5,0,13.4,1,0,1,0,0,0,0,0,0,1,0,0,0,0,0,0,0,0,0
61,0,3,22.0,0.0,0,7.2292,1.0,1,7.2292,1,0,0,0,0,0,0,0,0,0,0,0,0,1,0,0,0,0,0
62,1,1,38.0,0.0,0,65.6344,1.0,1,65.6344,0,0,1,0,0,0,0,0,0,0,1,0,0,0,0,0,0,0,0
63,0,1,45.0,1.0,0,65.6344,2.0,0,32.8172,1,0,1,0,0,0,0,0,0,0,0,0,0,1,0,0,0,0,0
64,0,3,4.0,2.5,0,27.9,3.5,0,7.971428571428571,1,0,1,0,0,0,0,0,0,1,0,0,0,0,0,0,0,0,0
65,0,1,28.0,0.0,0,27.7208,1.0,1,27.7208,1,0,0,0,0,0,0,0,0,0,0,0,0,1,0,0,0,0,0
66,1,3,28.0,1.0,0,15.2458,2.0,0,7.6229,1,0,0,0,0,0,0,0,0,1,0,0,0,0,0,0,0,0,0
67,1,2,29.0,0.0,0,10.5,1.0,1,10.5,0,0,1,0,0,0,0,0,0,0,0,0,0,0,1,0,0,0,0
68,0,3,19.0,0.0,0,8.1583,1.0,1,8.1583,1,0,1,0,0,0,0,0,0,0,0,0,0,1,0,0,0,0,0
69,1,3,17.0,2.5,0,7.925,3.5,0,2.2642857142857142,0,0,1,0,0,0,0,0,0,0,1,0,0,0,0,0,0,0,0
70,0,3,26.0,2.0,0,8.6625,3.0,0,2.8874999999999997,1,0,1,0,0,0,0,0,0,0,0,0,0,1,0,0,0,0,0
71,0,2,32.0,0.0,0,10.5,1.0,1,10.5,1,0,1,0,0,0,0,0,0,0,0,0,0,1,0,0,0,0,0
72,0,3,16.0,2.5,0,46.9,3.5,0,13.4,0,0,1,0,0,0,0,0,0,0,1,0,0,0,0,0,0,0,0
73,0,2,21.0,0.0,0,65.6344,1.0,1,65.6344,1,0,1,0,0,0,0,0,0,0,0,0,0,1,0,0,0,0,0
74,0,3,26.0,1.0,0,14.4542,2.0,0,7.2271,1,0,0,0,0,0,0,0,0,0,0,0,0,1,0,0,0,0,0
75,1,3,32.0,0.0,0,56.4958,1.0,1,56.4958,1,0,1,0,0,0,0,0,0,0,0,0,0,1,0,0,0,0,0
76,0,3,25.0,0.0,0,7.65,1.0,1,7.65,1,0,1,0,0,0,0,0,0,0,0,0,0,1,0,0,0,0,0
77,0,3,28.0,0.0,0,7.8958,1.0,1,7.8958,1,0,1,0,0,0,0,0,0,0,0,0,0,1,0,0,0,0,0
78,0,3,28.0,0.0,0,8.05,1.0,1,8.05,1,0,1,0,0,0,0,0,0,0,0,0,0,1,0,0,0,0,0
79,1,2,2.5,0.0,0,29.0,1.0,1,29.0,1,0,1,0,0,0,0,0,0,1,0,0,0,0,0,0,0,0,0
80,1,3,30.0,0.0,0,12.475,1.0,1,12.475,0,0,1,0,0,0,0,0,0,0,1,0,0,0,0,0,0,0,0
81,0,3,22.0,0.0,0,9.0,1.0,1,9.0,1,0,1,0,0,0,0,0,0,0,0,0,0,1,0,0,0,0,0
82,1,3,29.0,0.0,0,9.5,1.0,1,9.5,1,0,1,0,0,0,0,0,0,0,0,0,0,1,0,0,0,0,0
83,1,3,28.0,0.0,0,7.7875,1.0,1,7.7875,0,1,0,0,0,0,0,0,0,0,1,0,0,0,0,0,0,0,0
84,0,1,28.0,0.0,0,47.1,1.0,1,47.1,1,0,1,0,0,0,0,0,0,0,0,0,0,1,0,0,0,0,0
85,1,2,17.0,0.0,0,10.5,1.0,1,10.5,0,0,1,0,0,0,0,0,0,0,1,0,0,0,0,0,0,0,0
86,1,3,33.0,2.5,0,15.85,3.5,0,4.5285714285714285,0,0,1,0,0,0,0,0,0,0,0,0,0,0,1,0,0,0,0
87,0,3,16.0,1.0,0,34.375,2.0,0,17.1875,1,0,1,0,0,0,0,0,0,0,0,0,0,1,0,0,0,0,0
88,0,3,28.0,0.0,0,8.05,1.0,1,8.05,1,0,1,0,0,0,0,0,0,0,0,0,0,1,0,0,0,0,0
89,1,1,23.0,2.5,0,65.6344,3.5,0,18.752685714285715,0,0,1,0,0,0,0,0,0,0,1,0,0,0,0,0,0,0,0
90,0,3,24.0,0.0,0,8.05,1.0,1,8.05,1,0,1,0,0,0,0,0,0,0,0,0,0,1,0,0,0,0,0
91,0,3,29.0,0.0,0,8.05,1.0,1,8.05,1,0,1,0,0,0,0,0,0,0,0,0,0,1,0,0,0,0,0
92,0,3,20.0,0.0,0,7.8542,1.0,1,7.8542,1,0,1,0,0,0,0,0,0,0,0,0,0,1,0,0,0,0,0
93,0,1,46.0,1.0,0,61.175,2.0,0,30.5875,1,0,1,0,0,0,0,0,0,0,0,0,0,1,0,0,0,0,0
94,0,3,26.0,1.0,0,20.575,2.0,0,10.2875,1,0,1,0,0,0,0,0,0,0,0,0,0,1,0,0,0,0,0
95,0,3,54.5,0.0,0,7.25,1.0,1,7.25,1,0,1,0,0,0,0,0,0,0,0,0,0,1,0,0,0,0,0
96,0,3,28.0,0.0,0,8.05,1.0,1,8.05,1,0,1,0,0,0,0,0,0,0,0,0,0,1,0,0,0,0,0
97,0,1,54.5,0.0,0,34.6542,1.0,1,34.6542,1,0,0,0,0,0,0,0,0,0,0,0,0,1,0,0,0,0,0
98,1,1,23.0,0.0,0,63.3583,1.0,1,63.3583,1,0,0,0,0,0,0,0,0,0,0,0,0,1,0,0,0,0,0
99,1,2,34.0,0.0,0,23.0,1.0,1,23.0,0,0,1,0,0,0,0,0,0,0,0,0,0,0,1,0,0,0,0
100,0,2,34.0,1.0,0,26.0,2.0,0,13.0,1,0,1,0,0,0,0,0,0,0,0,0,0,1,0,0,0,0,0
101,0,3,28.0,0.0,0,7.8958,1.0,1,7.8958,0,0,1,0,0,0,0,0,0,0,1,0,0,0,0,0,0,0,0
102,0,3,28.0,0.0,0,7.8958,1.0,1,7.8958,1,0,1,0,0,0,0,0,0,0,0,0,0,1,0,0,0,0,0
103,0,1,21.0,0.0,0,65.6344,1.0,1,65.6344,1,0,1,0,0,0,0,0,0,0,0,0,0,1,0,0,0,0,0
104,0,3,33.0,0.0,0,8.6542,1.0,1,8.6542,1,0,1,0,0,0,0,0,0,0,0,0,0,1,0,0,0,0,0
105,0,3,37.0,2.0,0,7.925,3.0,0,2.6416666666666666,1,0,1,0,0,0,0,0,0,0,0,0,0,1,0,0,0,0,0
106,0,3,28.0,0.0,0,7.8958,1.0,1,7.8958,1,0,1,0,0,0,0,0,0,0,0,0,0,1,0,0,0,0,0
107,1,3,21.0,0.0,0,7.65,1.0,1,7.65,0,0,1,0,0,0,0,0,0,0,1,0,0,0,0,0,0,0,0
108,1,3,28.0,0.0,0,7.775,1.0,1,7.775,1,0,1,0,0,0,0,0,0,0,0,0,0,1,0,0,0,0,0
109,0,3,38.0,0.0,0,7.8958,1.0,1,7.8958,1,0,1,0,0,0,0,0,0,0,0,0,0,1,0,0,0,0,0
110,1,3,28.0,1.0,0,24.15,2.0,0,12.075,0,1,0,0,0,0,0,0,0,0,1,0,0,0,0,0,0,0,0
111,0,1,47.0,0.0,0,52.0,1.0,1,52.0,1,0,1,0,0,0,0,0,0,0,0,0,0,1,0,0,0,0,0
112,0,3,14.5,1.0,0,14.4542,2.0,0,7.2271,0,0,0,0,0,0,0,0,0,0,1,0,0,0,0,0,0,0,0
113,0,3,22.0,0.0,0,8.05,1.0,1,8.05,1,0,1,0,0,0,0,0,0,0,0,0,0,1,0,0,0,0,0
114,0,3,20.0,1.0,0,9.825,2.0,0,4.9125,0,0,1,0,0,0,0,0,0,0,1,0,0,0,0,0,0,0,0
115,0,3,17.0,0.0,0,14.4583,1.0,1,14.4583,0,0,0,0,0,0,0,0,0,0,1,0,0,0,0,0,0,0,0
116,0,3,21.0,0.0,0,7.925,1.0,1,7.925,1,0,1,0,0,0,0,0,0,0,0,0,0,1,0,0,0,0,0
117,0,3,54.5,0.0,0,7.75,1.0,1,7.75,1,1,0,0,0,0,0,0,0,0,0,0,0,1,0,0,0,0,0
118,0,2,29.0,1.0,0,21.0,2.0,0,10.5,1,0,1,0,0,0,0,0,0,0,0,0,0,1,0,0,0,0,0
119,0,1,24.0,0.0,0,65.6344,1.0,1,65.6344,1,0,0,0,0,0,0,0,0,0,0,0,0,1,0,0,0,0,0
120,0,3,2.5,2.5,0,31.275,3.5,0,8.935714285714285,0,0,1,0,0,0,0,0,0,0,1,0,0,0,0,0,0,0,0
121,0,2,21.0,2.0,0,65.6344,3.0,0,21.878133333333334,1,0,1,0,0,0,0,0,0,0,0,0,0,1,0,0,0,0,0
122,0,3,28.0,0.0,0,8.05,1.0,1,8.05,1,0,1,0,0,0,0,0,0,0,0,0,0,1,0,0,0,0,0
123,0,2,32.5,1.0,0,30.0708,2.0,0,15.0354,1,0,0,0,0,0,0,0,0,0,0,0,0,1,0,0,0,0,0
124,1,2,32.5,0.0,0,13.0,1.0,1,13.0,0,0,1,0,0,0,0,0,0,0,1,0,0,0,0,0,0,0,0
125,0,1,54.0,0.0,0,65.6344,1.0,1,65.6344,1,0,1,0,0,0,0,0,0,0,0,0,0,1,0,0,0,0,0
126,1,3,12.0,1.0,0,11.2417,2.0,0,5.62085,1,0,0,0,0,0,0,0,0,1,0,0,0,0,0,0,0,0,0
127,0,3,28.0,0.0,0,7.75,1.0,1,7.75,1,1,0,0,0,0,0,0,0,0,0,0,0,1,0,0,0,0,0
128,1,3,24.0,0.0,0,7.1417,1.0,1,7.1417,1,0,1,0,0,0,0,0,0,0,0,0,0,1,0,0,0,0,0
129,1,3,28.0,1.0,0,22.3583,2.0,0,11.17915,0,0,0,0,0,0,0,0,0,0,1,0,0,0,0,0,0,0,0
130,0,3,45.0,0.0,0,6.975,1.0,1,6.975,1,0,1,0,0,0,0,0,0,0,0,0,0,1,0,0,0,0,0
131,0,3,33.0,0.0,0,7.8958,1.0,1,7.8958,1,0,0,0,0,0,0,0,0,0,0,0,0,1,0,0,0,0,0
132,0,3,20.0,0.0,0,7.05,1.0,1,7.05,1,0,1,0,0,0,0,0,0,0,0,0,0,1,0,0,0,0,0
133,0,3,47.0,1.0,0,14.5,2.0,0,7.25,0,0,1,0,0,0,0,0,0,0,0,0,0,0,1,0,0,0,0
134,1,2,29.0,1.0,0,26.0,2.0,0,13.0,0,0,1,0,0,0,0,0,0,0,0,0,0,0,1,0,0,0,0
135,0,2,25.0,0.0,0,13.0,1.0,1,13.0,1,0,1,0,0,0,0,0,0,0,0,0,0,1,0,0,0,0,0
136,0,2,23.0,0.0,0,15.0458,1.0,1,15.0458,1,0,0,0,0,0,0,0,0,0,0,0,0,1,0,0,0,0,0
137,1,1,19.0,0.0,0,26.2833,1.0,1,26.2833,0,0,1,0,0,0,0,0,0,0,1,0,0,0,0,0,0,0,0
138,0,1,37.0,1.0,0,53.1,2.0,0,26.55,1,0,1,0,0,0,0,0,0,0,0,0,0,1,0,0,0,0,0
139,0,3,16.0,0.0,0,9.2167,1.0,1,9.2167,1,0,1,0,0,0,0,0,0,0,0,0,0,1,0,0,0,0,0
140,0,1,24.0,0.0,0,65.6344,1.0,1,65.6344,1,0,0,0,0,0,0,0,0,0,0,0,0,1,0,0,0,0,0
141,0,3,28.0,0.0,0,15.2458,1.0,1,15.2458,0,0,0,0,0,0,0,0,0,0,0,0,0,0,1,0,0,0,0
142,1,3,22.0,0.0,0,7.75,1.0,1,7.75,0,0,1,0,0,0,0,0,0,0,1,0,0,0,0,0,0,0,0
143,1,3,24.0,1.0,0,15.85,2.0,0,7.925,0,0,1,0,0,0,0,0,0,0,0,0,0,0,1,0,0,0,0
144,0,3,19.0,0.0,0,6.75,1.0,1,6.75,1,1,0,0,0,0,0,0,0,0,0,0,0,1,0,0,0,0,0
145,0,2,18.0,0.0,0,11.5,1.0,1,11.5,1,0,1,0,0,0,0,0,0,0,0,0,0,1,0,0,0,0,0
146,0,2,19.0,1.0,0,36.75,2.0,0,18.375,1,0,1,0,0,0,0,0,0,0,0,0,0,1,0,0,0,0,0
147,1,3,27.0,0.0,0,7.7958,1.0,1,7.7958,1,0,1,0,0,0,0,0,0,0,0,0,0,1,0,0,0,0,0
148,0,3,9.0,2.0,0,34.375,3.0,0,11.458333333333334,0,0,1,0,0,0,0,0,0,0,1,0,0,0,0,0,0,0,0
149,0,2,36.5,0.0,0,26.0,1.0,1,26.0,1,0,1,0,0,0,0,0,0,0,0,0,0,1,0,0,0,0,0
150,0,2,42.0,0.0,0,13.0,1.0,1,13.0,1,0,1,0,0,0,0,0,0,0,0,0,0,0,0,0,1,0,0
151,0,2,51.0,0.0,0,12.525,1.0,1,12.525,1,0,1,0,0,0,0,0,0,0,0,0,0,0,0,0,1,0,0
152,1,1,22.0,1.0,0,65.6344,2.0,0,32.8172,0,0,1,0,0,0,0,0,0,0,0,0,0,0,1,0,0,0,0
153,0,3,54.5,0.0,0,8.05,1.0,1,8.05,1,0,1,0,0,0,0,0,0,0,0,0,0,1,0,0,0,0,0
154,0,3,40.5,0.0,0,14.5,1.0,1,14.5,1,0,1,0,0,0,0,0,0,0,0,0,0,1,0,0,0,0,0
155,0,3,28.0,0.0,0,7.3125,1.0,1,7.3125,1,0,1,0,0,0,0,0,0,0,0,0,0,1,0,0,0,0,0
156,0,1,51.0,0.0,0,61.3792,1.0,1,61.3792,1,0,0,0,0,0,0,0,0,0,0,0,0,1,0,0,0,0,0
157,1,3,16.0,0.0,0,7.7333,1.0,1,7.7333,0,1,0,0,0,0,0,0,0,0,1,0,0,0,0,0,0,0,0
158,0,3,30.0,0.0,0,8.05,1.0,1,8.05,1,0,1,0,0,0,0,0,0,0,0,0,0,1,0,0,0,0,0
159,0,3,28.0,0.0,0,8.6625,1.0,1,8.6625,1,0,1,0,0,0,0,0,0,0,0,0,0,1,0,0,0,0,0
160,0,3,28.0,2.5,0,65.6344,3.5,0,18.752685714285715,1,0,1,0,0,0,0,0,0,1,0,0,0,0,0,0,0,0,0
161,0,3,44.0,0.0,0,16.1,1.0,1,16.1,1,0,1,0,0,0,0,0,0,0,0,0,0,1,0,0,0,0,0
162,1,2,40.0,0.0,0,15.75,1.0,1,15.75,0,0,1,0,0,0,0,0,0,0,0,0,0,0,1,0,0,0,0
163,0,3,26.0,0.0,0,7.775,1.0,1,7.775,1,0,1,0,0,0,0,0,0,0,0,0,0,1,0,0,0,0,0
164,0,3,17.0,0.0,0,8.6625,1.0,1,8.6625,1,0,1,0,0,0,0,0,0,0,0,0,0,1,0,0,0,0,0
165,0,3,2.5,2.5,0,39.6875,3.5,0,11.339285714285714,1,0,1,0,0,0,0,0,0,1,0,0,0,0,0,0,0,0,0
166,1,3,9.0,0.0,0,20.525,1.0,1,20.525,1,0,1,0,0,0,0,0,0,1,0,0,0,0,0,0,0,0,0
167,1,1,28.0,0.0,0,55.0,1.0,1,55.0,0,0,1,0,0,0,0,0,0,0,0,0,0,0,1,0,0,0,0
168,0,3,45.0,1.0,0,27.9,2.0,0,13.95,0,0,1,0,0,0,0,0,0,0,0,0,0,0,1,0,0,0,0
169,0,1,28.0,0.0,0,25.925,1.0,1,25.925,1,0,1,0,0,0,0,0,0,0,0,0,0,1,0,0,0,0,0
170,0,3,28.0,0.0,0,56.4958,1.0,1,56.4958,1,0,1,0,0,0,0,0,0,0,0,0,0,1,0,0,0,0,0
171,0,1,54.5,0.0,0,33.5,1.0,1,33.5,1,0,1,0,0,0,0,0,0,0,0,0,0,1,0,0,0,0,0
172,0,3,4.0,2.5,0,29.125,3.5,0,8.321428571428571,1,1,0,0,0,0,0,0,0,1,0,0,0,0,0,0,0,0,0
173,1,3,2.5,1.0,0,11.1333,2.0,0,5.56665,0,0,1,0,0,0,0,0,0,0,1,0,0,0,0,0,0,0,0
174,0,3,21.0,0.0,0,7.925,1.0,1,7.925,1,0,1,0,0,0,0,0,0,0,0,0,0,1,0,0,0,0,0
175,0,1,54.5,0.0,0,30.6958,1.0,1,30.6958,1,0,0,0,0,0,0,0,0,0,0,0,0,1,0,0,0,0,0
176,0,3,18.0,1.0,0,7.8542,2.0,0,3.9271,1,0,1,0,0,0,0,0,0,0,0,0,0,1,0,0,0,0,0
177,0,3,28.0,2.5,0,25.4667,3.5,0,7.2762,1,0,1,0,0,0,0,0,0,1,0,0,0,0,0,0,0,0,0
178,0,1,50.0,0.0,0,28.7125,1.0,1,28.7125,0,0,0,0,0,0,0,0,0,0,1,0,0,0,0,0,0,0,0
179,0,2,30.0,0.0,0,13.0,1.0,1,13.0,1,0,1,0,0,0,0,0,0,0,0,0,0,1,0,0,0,0,0
180,0,3,36.0,0.0,0,0.0,1.0,1,0.0,1,0,1,0,0,0,0,0,0,0,0,0,0,1,0,0,0,0,0
181,0,3,28.0,2.5,0,65.6344,3.5,0,18.752685714285715,0,0,1,0,0,0,0,0,0,0,1,0,0,0,0,0,0,0,0
182,0,2,28.0,0.0,0,15.05,1.0,1,15.05,1,0,0,0,0,0,0,0,0,0,0,0,0,1,0,0,0,0,0
183,0,3,9.0,2.5,0,31.3875,3.5,0,8.967857142857143,1,0,1,0,0,0,0,0,0,1,0,0,0,0,0,0,0,0,0
184,1,2,2.5,2.0,0,39.0,3.0,0,13.0,1,0,1,0,0,0,0,0,0,1,0,0,0,0,0,0,0,0,0
185,1,3,4.0,0.0,0,22.025,1.0,1,22.025,0,0,1,0,0,0,0,0,0,0,1,0,0,0,0,0,0,0,0
186,0,1,28.0,0.0,0,50.0,1.0,1,50.0,1,0,1,0,0,0,0,0,0,0,0,0,0,1,0,0,0,0,0
187,1,3,28.0,1.0,0,15.5,2.0,0,7.75,0,1,0,0,0,0,0,0,0,0,0,0,0,0,1,0,0,0,0
188,1,1,45.0,0.0,0,26.55,1.0,1,26.55,1,0,1,0,0,0,0,0,0,0,0,0,0,1,0,0,0,0,0
189,0,3,40.0,1.0,0,15.5,2.0,0,7.75,1,1,0,0,0,0,0,0,0,0,0,0,0,1,0,0,0,0,0
190,0,3,36.0,0.0,0,7.8958,1.0,1,7.8958,1,0,1,0,0,0,0,0,0,0,0,0,0,1,0,0,0,0,0
191,1,2,32.0,0.0,0,13.0,1.0,1,13.0,0,0,1,0,0,0,0,0,0,0,0,0,0,0,1,0,0,0,0
192,0,2,19.0,0.0,0,13.0,1.0,1,13.0,1,0,1,0,0,0,0,0,0,0,0,0,0,1,0,0,0,0,0
193,1,3,19.0,1.0,0,7.8542,2.0,0,3.9271,0,0,1,0,0,0,0,0,0,0,1,0,0,0,0,0,0,0,0
194,1,2,3.0,1.0,0,26.0,2.0,0,13.0,1,0,1,0,0,0,0,0,0,1,0,0,0,0,0,0,0,0,0
195,1,1,44.0,0.0,0,27.7208,1.0,1,27.7208,0,0,0,0,0,0,0,0,0,0,0,0,0,0,1,0,0,0,0
196,1,1,54.5,0.0,0,65.6344,1.0,1,65.6344,0,0,0,0,0,0,0,0,0,0,1,0,0,0,0,0,0,0,0
197,0,3,28.0,0.0,0,7.75,1.0,1,7.75,1,1,0,0,0,0,0,0,0,0,0,0,0,1,0,0,0,0,0
198,0,3,42.0,0.0,0,8.4042,1.0,1,8.4042,1,0,1,0,0,0,0,0,0,0,0,0,0,1,0,0,0,0,0
199,1,3,28.0,0.0,0,7.75,1.0,1,7.75,0,1,0,0,0,0,0,0,0,0,1,0,0,0,0,0,0,0,0
200,0,2,24.0,0.0,0,13.0,1.0,1,13.0,0,0,1,0,0,0,0,0,0,0,1,0,0,0,0,0,0,0,0
201,0,3,28.0,0.0,0,9.5,1.0,1,9.5,1,0,1,0,0,0,0,0,0,0,0,0,0,1,0,0,0,0,0
202,0,3,28.0,2.5,0,65.6344,3.5,0,18.752685714285715,1,0,1,0,0,0,0,0,0,0,0,0,0,1,0,0,0,0,0
203,0,3,34.0,0.0,0,6.4958,1.0,1,6.4958,1,0,1,0,0,0,0,0,0,0,0,0,0,1,0,0,0,0,0
204,0,3,45.5,0.0,0,7.225,1.0,1,7.225,1,0,0,0,0,0,0,0,0,0,0,0,0,1,0,0,0,0,0
205,1,3,18.0,0.0,0,8.05,1.0,1,8.05,1,0,1,0,0,0,0,0,0,0,0,0,0,1,0,0,0,0,0
206,0,3,2.5,0.0,0,10.4625,1.0,1,10.4625,0,0,1,0,0,0,0,0,0,0,1,0,0,0,0,0,0,0,0
207,0,3,32.0,1.0,0,15.85,2.0,0,7.925,1,0,1,0,0,0,0,0,0,0,0,0,0,1,0,0,0,0,0
208,1,3,26.0,0.0,0,18.7875,1.0,1,18.7875,1,0,0,0,0,0,0,0,0,0,0,0,0,1,0,0,0,0,0
209,1,3,16.0,0.0,0,7.75,1.0,1,7.75,0,1,0,0,0,0,0,0,0,0,1,0,0,0,0,0,0,0,0
210,1,1,40.0,0.0,0,31.0,1.0,1,31.0,1,0,0,0,0,0,0,0,0,0,0,0,0,1,0,0,0,0,0
211,0,3,24.0,0.0,0,7.05,1.0,1,7.05,1,0,1,0,0,0,0,0,0,0,0,0,0,1,0,0,0,0,0
212,1,2,35.0,0.0,0,21.0,1.0,1,21.0,0,0,1,0,0,0,0,0,0,0,1,0,0,0,0,0,0,0,0
213,0,3,22.0,0.0,0,7.25,1.0,1,7.25,1,0,1,0,0,0,0,0,0,0,0,0,0,1,0,0,0,0,0
214,0,2,30.0,0.0,0,13.0,1.0,1,13.0,1,0,1,0,0,0,0,0,0,0,0,0,0,1,0,0,0,0,0
215,0,3,28.0,1.0,0,7.75,2.0,0,3.875,1,1,0,0,0,0,0,0,0,0,0,0,0,1,0,0,0,0,0
216,1,1,31.0,1.0,0,65.6344,2.0,0,32.8172,0,0,0,0,0,0,0,0,0,0,1,0,0,0,0,0,0,0,0
217,1,3,27.0,0.0,0,7.925,1.0,1,7.925,0,0,1,0,0,0,0,0,0,0,1,0,0,0,0,0,0,0,0
218,0,2,42.0,1.0,0,27.0,2.0,0,13.5,1,0,1,0,0,0,0,0,0,0,0,0,0,1,0,0,0,0,0
219,1,1,32.0,0.0,0,65.6344,1.0,1,65.6344,0,0,0,0,0,0,0,0,0,0,1,0,0,0,0,0,0,0,0
220,0,2,30.0,0.0,0,10.5,1.0,1,10.5,1,0,1,0,0,0,0,0,0,0,0,0,0,1,0,0,0,0,0
221,1,3,16.0,0.0,0,8.05,1.0,1,8.05,1,0,1,0,0,0,0,0,0,0,0,0,0,1,0,0,0,0,0
222,0,2,27.0,0.0,0,13.0,1.0,1,13.0,1,0,1,0,0,0,0,0,0,0,0,0,0,1,0,0,0,0,0
223,0,3,51.0,0.0,0,8.05,1.0,1,8.05,1,0,1,0,0,0,0,0,0,0,0,0,0,1,0,0,0,0,0
224,0,3,28.0,0.0,0,7.8958,1.0,1,7.8958,1,0,1,0,0,0,0,0,0,0,0,0,0,1,0,0,0,0,0
225,1,1,38.0,1.0,0,65.6344,2.0,0,32.8172,1,0,1,0,0,0,0,0,0,0,0,0,0,1,0,0,0,0,0
226,0,3,22.0,0.0,0,9.35,1.0,1,9.35,1,0,1,0,0,0,0,0,0,0,0,0,0,1,0,0,0,0,0
227,1,2,19.0,0.0,0,10.5,1.0,1,10.5,1,0,1,0,0,0,0,0,0,0,0,0,0,1,0,0,0,0,0
228,0,3,20.5,0.0,0,7.25,1.0,1,7.25,1,0,1,0,0,0,0,0,0,0,0,0,0,1,0,0,0,0,0
229,0,2,18.0,0.0,0,13.0,1.0,1,13.0,1,0,1,0,0,0,0,0,0,0,0,0,0,1,0,0,0,0,0
230,0,3,28.0,2.5,0,25.4667,3.5,0,7.2762,0,0,1,0,0,0,0,0,0,0,1,0,0,0,0,0,0,0,0
231,1,1,35.0,1.0,0,65.6344,2.0,0,32.8172,0,0,1,0,0,0,0,0,0,0,0,0,0,0,1,0,0,0,0
232,0,3,29.0,0.0,0,7.775,1.0,1,7.775,1,0,1,0,0,0,0,0,0,0,0,0,0,1,0,0,0,0,0
233,0,2,54.5,0.0,0,13.5,1.0,1,13.5,1,0,1,0,0,0,0,0,0,0,0,0,0,1,0,0,0,0,0
234,1,3,5.0,2.5,0,31.3875,3.5,0,8.967857142857143,0,0,1,0,0,0,0,0,0,0,1,0,0,0,0,0,0,0,0
235,0,2,24.0,0.0,0,10.5,1.0,1,10.5,1,0,1,0,0,0,0,0,0,0,0,0,0,1,0,0,0,0,0
236,0,3,28.0,0.0,0,7.55,1.0,1,7.55,0,0,1,0,0,0,0,0,0,0,1,0,0,0,0,0,0,0,0
237,0,2,44.0,1.0,0,26.0,2.0,0,13.0,1,0,1,0,0,0,0,0,0,0,0,0,0,1,0,0,0,0,0
238,1,2,8.0,0.0,0,26.25,1.0,1,26.25,0,0,1,0,0,0,0,0,0,0,1,0,0,0,0,0,0,0,0
239,0,2,19.0,0.0,0,10.5,1.0,1,10.5,1,0,1,0,0,0,0,0,0,0,0,0,0,1,0,0,0,0,0
240,0,2,33.0,0.0,0,12.275,1.0,1,12.275,1,0,1,0,0,0,0,0,0,0,0,0,0,1,0,0,0,0,0
241,0,3,28.0,1.0,0,14.4542,2.0,0,7.2271,0,0,0,0,0,0,0,0,0,0,1,0,0,0,0,0,0,0,0
242,1,3,28.0,1.0,0,15.5,2.0,0,7.75,0,1,0,0,0,0,0,0,0,0,1,0,0,0,0,0,0,0,0
243,0,2,29.0,0.0,0,10.5,1.0,1,10.5,1,0,1,0,0,0,0,0,0,0,0,0,0,1,0,0,0,0,0
244,0,3,22.0,0.0,0,7.125,1.0,1,7.125,1,0,1,0,0,0,0,0,0,0,0,0,0,1,0,0,0,0,0
245,0,3,30.0,0.0,0,7.225,1.0,1,7.225,1,0,0,0,0,0,0,0,0,0,0,0,0,1,0,0,0,0,0
246,0,1,44.0,2.0,0,65.6344,3.0,0,21.878133333333334,1,1,0,0,0,1,0,0,0,0,0,0,0,0,0,0,0,0,0
247,0,3,25.0,0.0,0,7.775,1.0,1,7.775,0,0,1,0,0,0,0,0,0,0,1,0,0,0,0,0,0,0,0
248,1,2,24.0,0.0,0,14.5,1.0,1,14.5,0,0,1,0,0,0,0,0,0,0,0,0,0,0,1,0,0,0,0
249,1,1,37.0,1.0,0,52.5542,2.0,0,26.2771,1,0,1,0,0,0,0,0,0,0,0,0,0,1,0,0,0,0,0
250,0,2,54.0,1.0,0,26.0,2.0,0,13.0,1,0,1,0,0,0,0,0,0,0,0,0,0,0,0,0,1,0,0
251,0,3,28.0,0.0,0,7.25,1.0,1,7.25,1,0,1,0,0,0,0,0,0,0,0,0,0,1,0,0,0,0,0
252,0,3,29.0,1.0,0,10.4625,2.0,0,5.23125,0,0,1,0,0,0,0,0,0,0,0,0,0,0,1,0,0,0,0
253,0,1,54.5,0.0,0,26.55,1.0,1,26.55,1,0,1,0,0,0,0,0,0,0,0,0,0,1,0,0,0,0,0
254,0,3,30.0,1.0,0,16.1,2.0,0,8.05,1,0,1,0,0,0,0,0,0,0,0,0,0,1,0,0,0,0,0
255,0,3,41.0,0.0,0,20.2125,1.0,1,20.2125,0,0,1,0,0,0,0,0,0,0,0,0,0,0,1,0,0,0,0
256,1,3,29.0,0.0,0,15.2458,1.0,1,15.2458,0,0,0,0,0,0,0,0,0,0,0,0,0,0,1,0,0,0,0
257,1,1,28.0,0.0,0,65.6344,1.0,1,65.6344,0,0,0,0,0,0,0,0,0,0,0,0,0,0,1,0,0,0,0
258,1,1,30.0,0.0,0,65.6344,1.0,1,65.6344,0,0,1,0,0,0,0,0,0,0,1,0,0,0,0,0,0,0,0
259,1,1,35.0,0.0,0,65.6344,1.0,1,65.6344,0,0,0,0,0,0,0,0,0,0,1,0,0,0,0,0,0,0,0
260,1,2,50.0,0.0,0,26.0,1.0,1,26.0,0,0,1,0,0,0,0,0,0,0,0,0,0,0,1,0,0,0,0
261,0,3,28.0,0.0,0,7.75,1.0,1,7.75,1,1,0,0,0,0,0,0,0,0,0,0,0,1,0,0,0,0,0
262,1,3,3.0,2.5,0,31.3875,3.5,0,8.967857142857143,1,0,1,0,0,0,0,0,0,1,0,0,0,0,0,0,0,0,0
263,0,1,52.0,1.0,0,65.6344,2.0,0,32.8172,1,0,1,0,0,0,0,0,0,0,0,0,0,1,0,0,0,0,0
264,0,1,40.0,0.0,0,0.0,1.0,1,0.0,1,0,1,0,0,0,0,0,0,0,0,0,0,1,0,0,0,0,0
265,0,3,28.0,0.0,0,7.75,1.0,1,7.75,0,1,0,0,0,0,0,0,0,0,1,0,0,0,0,0,0,0,0
266,0,2,36.0,0.0,0,10.5,1.0,1,10.5,1,0,1,0,0,0,0,0,0,0,0,0,0,1,0,0,0,0,0
267,0,3,16.0,2.5,0,39.6875,3.5,0,11.339285714285714,1,0,1,0,0,0,0,0,0,0,0,0,0,1,0,0,0,0,0
268,1,3,25.0,1.0,0,7.775,2.0,0,3.8875,1,0,1,0,0,0,0,0,0,0,0,0,0,1,0,0,0,0,0
269,1,1,54.5,0.0,0,65.6344,1.0,1,65.6344,0,0,1,0,0,0,0,0,0,0,0,0,0,0,1,0,0,0,0
270,1,1,35.0,0.0,0,65.6344,1.0,1,65.6344,0,0,1,0,0,0,0,0,0,0,1,0,0,0,0,0,0,0,0
271,0,1,28.0,0.0,0,31.0,1.0,1,31.0,1,0,1,0,0,0,0,0,0,0,0,0,0,1,0,0,0,0,0
272,1,3,25.0,0.0,0,0.0,1.0,1,0.0,1,0,1,0,0,0,0,0,0,0,0,0,0,1,0,0,0,0,0
273,1,2,41.0,0.0,0,19.5,1.0,1,19.5,0,0,1,0,0,0,0,0,0,0,0,0,0,0,1,0,0,0,0
274,0,1,37.0,0.0,0,29.7,1.0,1,29.7,1,0,0,0,0,0,0,0,0,0,0,0,0,1,0,0,0,0,0
275,1,3,28.0,0.0,0,7.75,1.0,1,7.75,0,1,0,0,0,0,0,0,0,0,1,0,0,0,0,0,0,0,0
276,1,1,54.5,1.0,0,65.6344,2.0,0,32.8172,0,0,1,0,0,0,0,0,0,0,1,0,0,0,0,0,0,0,0
277,0,3,45.0,0.0,0,7.75,1.0,1,7.75,0,0,1,0,0,0,0,0,0,0,1,0,0,0,0,0,0,0,0
278,0,2,28.0,0.0,0,0.0,1.0,1,0.0,1,0,1,0,0,0,0,0,0,0,0,0,0,1,0,0,0,0,0
279,0,3,7.0,2.5,0,29.125,3.5,0,8.321428571428571,1,1,0,0,0,0,0,0,0,1,0,0,0,0,0,0,0,0,0
280,1,3,35.0,1.0,0,20.25,2.0,0,10.125,0,0,1,0,0,0,0,0,0,0,0,0,0,0,1,0,0,0,0
281,0,3,54.5,0.0,0,7.75,1.0,1,7.75,1,1,0,0,0,0,0,0,0,0,0,0,0,1,0,0,0,0,0
282,0,3,28.0,0.0,0,7.8542,1.0,1,7.8542,1,0,1,0,0,0,0,0,0,0,0,0,0,1,0,0,0,0,0
283,0,3,16.0,0.0,0,9.5,1.0,1,9.5,1,0,1,0,0,0,0,0,0,0,0,0,0,1,0,0,0,0,0
284,1,3,19.0,0.0,0,8.05,1.0,1,8.05,1,0,1,0,0,0,0,0,0,0,0,0,0,1,0,0,0,0,0
285,0,1,28.0,0.0,0,26.0,1.0,1,26.0,1,0,1,0,0,0,0,0,0,0,0,0,0,1,0,0,0,0,0
286,0,3,33.0,0.0,0,8.6625,1.0,1,8.6625,1,0,0,0,0,0,0,0,0,0,0,0,0,1,0,0,0,0,0
287,1,3,30.0,0.0,0,9.5,1.0,1,9.5,1,0,1,0,0,0,0,0,0,0,0,0,0,1,0,0,0,0,0
288,0,3,22.0,0.0,0,7.8958,1.0,1,7.8958,1,0,1,0,0,0,0,0,0,0,0,0,0,1,0,0,0,0,0
289,1,2,42.0,0.0,0,13.0,1.0,1,13.0,1,0,1,0,0,0,0,0,0,0,0,0,0,1,0,0,0,0,0
290,1,3,22.0,0.0,0,7.75,1.0,1,7.75,0,1,0,0,0,0,0,0,0,0,1,0,0,0,0,0,0,0,0
291,1,1,26.0,0.0,0,65.6344,1.0,1,65.6344,0,0,1,0,0,0,0,0,0,0,1,0,0,0,0,0,0,0,0
292,1,1,19.0,1.0,0,65.6344,2.0,0,32.8172,0,0,0,0,0,0,0,0,0,0,0,0,0,0,1,0,0,0,0
293,0,2,36.0,0.0,0,12.875,1.0,1,12.875,1,0,0,0,0,0,0,0,0,0,0,0,0,1,0,0,0,0,0
294,0,3,24.0,0.0,0,8.85,1.0,1,8.85,0,0,1,0,0,0,0,0,0,0,1,0,0,0,0,0,0,0,0
295,0,3,24.0,0.0,0,7.8958,1.0,1,7.8958,1,0,1,0,0,0,0,0,0,0,0,0,0,1,0,0,0,0,0
296,0,1,28.0,0.0,0,27.7208,1.0,1,27.7208,1,0,0,0,0,0,0,0,0,0,0,0,0,1,0,0,0,0,0
297,0,3,23.5,0.0,0,7.2292,1.0,1,7.2292,1,0,0,0,0,0,0,0,0,0,0,0,0,1,0,0,0,0,0
298,0,1,2.5,1.0,0,65.6344,2.0,0,32.8172,0,0,1,0,0,0,0,0,0,0,1,0,0,0,0,0,0,0,0
299,1,1,28.0,0.0,0,30.5,1.0,1,30.5,1,0,1,0,0,0,0,0,0,0,0,0,0,1,0,0,0,0,0
300,1,1,50.0,0.0,0,65.6344,1.0,1,65.6344,0,0,0,0,0,0,0,0,0,0,0,0,0,0,1,0,0,0,0
301,1,3,28.0,0.0,0,7.75,1.0,1,7.75,0,1,0,0,0,0,0,0,0,0,1,0,0,0,0,0,0,0,0
302,1,3,28.0,2.0,0,23.25,3.0,0,7.75,1,1,0,0,0,0,0,0,0,0,0,0,0,1,0,0,0,0,0
303,0,3,19.0,0.0,0,0.0,1.0,1,0.0,1,0,1,0,0,0,0,0,0,0,0,0,0,1,0,0,0,0,0
304,1,2,28.0,0.0,0,12.35,1.0,1,12.35,0,1,0,0,0,0,0,0,0,0,1,0,0,0,0,0,0,0,0
305,0,3,28.0,0.0,0,8.05,1.0,1,8.05,1,0,1,0,0,0,0,0,0,0,0,0,0,1,0,0,0,0,0
306,1,1,2.5,1.0,0,65.6344,2.0,0,32.8172,1,0,1,0,0,0,0,0,0,1,0,0,0,0,0,0,0,0,0
307,1,1,28.0,0.0,0,65.6344,1.0,1,65.6344,0,0,0,0,0,0,0,0,0,0,1,0,0,0,0,0,0,0,0
308,1,1,17.0,1.0,0,65.6344,2.0,0,32.8172,0,0,0,0,0,0,0,0,0,0,0,0,0,0,1,0,0,0,0
309,0,2,30.0,1.0,0,24.0,2.0,0,12.0,1,0,0,0,0,0,0,0,0,0,0,0,0,1,0,0,0,0,0
310,1,1,30.0,0.0,0,56.9292,1.0,1,56.9292,0,0,0,0,0,0,0,0,0,0,1,0,0,0,0,0,0,0,0
311,1,1,24.0,0.0,0,65.6344,1.0,1,65.6344,0,0,0,0,0,0,0,0,0,0,1,0,0,0,0,0,0,0,0
312,1,1,18.0,2.0,0,65.6344,3.0,0,21.878133333333334,0,0,0,0,0,0,0,0,0,0,1,0,0,0,0,0,0,0,0
313,0,2,26.0,1.0,0,26.0,2.0,0,13.0,0,0,1,0,0,0,0,0,0,0,0,0,0,0,1,0,0,0,0
314,0,3,28.0,0.0,0,7.8958,1.0,1,7.8958,1,0,1,0,0,0,0,0,0,0,0,0,0,1,0,0,0,0,0
315,0,2,43.0,1.0,0,26.25,2.0,0,13.125,1,0,1,0,0,0,0,0,0,0,0,0,0,1,0,0,0,0,0
316,1,3,26.0,0.0,0,7.8542,1.0,1,7.8542,0,0,1,0,0,0,0,0,0,0,1,0,0,0,0,0,0,0,0
317,1,2,24.0,1.0,0,26.0,2.0,0,13.0,0,0,1,0,0,0,0,0,0,0,0,0,0,0,1,0,0,0,0
318,0,2,54.0,0.0,0,14.0,1.0,1,14.0,1,0,1,0,0,1,0,0,0,0,0,0,0,0,0,0,0,0,0
319,1,1,31.0,0.0,0,65.6344,1.0,1,65.6344,0,0,1,0,0,0,0,0,0,0,1,0,0,0,0,0,0,0,0
320,1,1,40.0,1.0,0,65.6344,2.0,0,32.8172,0,0,0,0,0,0,0,0,0,0,0,0,0,0,1,0,0,0,0
321,0,3,22.0,0.0,0,7.25,1.0,1,7.25,1,0,1,0,0,0,0,0,0,0,0,0,0,1,0,0,0,0,0
322,0,3,27.0,0.0,0,7.8958,1.0,1,7.8958,1,0,1,0,0,0,0,0,0,0,0,0,0,1,0,0,0,0,0
323,1,2,30.0,0.0,0,12.35,1.0,1,12.35,0,1,0,0,0,0,0,0,0,0,1,0,0,0,0,0,0,0,0
324,1,2,22.0,1.0,0,29.0,2.0,0,14.5,0,0,1,0,0,0,0,0,0,0,0,0,0,0,1,0,0,0,0
325,0,3,28.0,2.5,0,65.6344,3.5,0,18.752685714285715,1,0,1,0,0,0,0,0,0,0,0,0,0,1,0,0,0,0,0
326,1,1,36.0,0.0,0,65.6344,1.0,1,65.6344,0,0,0,0,0,0,0,0,0,0,1,0,0,0,0,0,0,0,0
327,0,3,54.5,0.0,0,6.2375,1.0,1,6.2375,1,0,1,0,0,0,0,0,0,0,0,0,0,1,0,0,0,0,0
328,1,2,36.0,0.0,0,13.0,1.0,1,13.0,0,0,1,0,0,0,0,0,0,0,0,0,0,0,1,0,0,0,0
329,1,3,31.0,1.0,0,20.525,2.0,0,10.2625,0,0,1,0,0,0,0,0,0,0,0,0,0,0,1,0,0,0,0
330,1,1,16.0,0.0,0,57.9792,1.0,1,57.9792,0,0,0,0,0,0,0,0,0,0,1,0,0,0,0,0,0,0,0
331,1,3,28.0,2.0,0,23.25,3.0,0,7.75,0,1,0,0,0,0,0,0,0,0,1,0,0,0,0,0,0,0,0
332,0,1,45.5,0.0,0,28.5,1.0,1,28.5,1,0,1,0,0,0,0,0,0,0,0,0,0,1,0,0,0,0,0
333,0,1,38.0,0.0,0,65.6344,1.0,1,65.6344,1,0,1,0,0,0,0,0,0,0,0,0,0,1,0,0,0,0,0
334,0,3,16.0,2.0,0,18.0,3.0,0,6.0,1,0,1,0,0,0,0,0,0,0,0,0,0,1,0,0,0,0,0
335,1,1,28.0,1.0,0,65.6344,2.0,0,32.8172,0,0,1,0,0,0,0,0,0,0,0,0,0,0,1,0,0,0,0
336,0,3,28.0,0.0,0,7.8958,1.0,1,7.8958,1,0,1,0,0,0,0,0,0,0,0,0,0,1,0,0,0,0,0
337,0,1,29.0,1.0,0,65.6344,2.0,0,32.8172,1,0,1,0,0,0,0,0,0,0,0,0,0,1,0,0,0,0,0
338,1,1,41.0,0.0,0,65.6344,1.0,1,65.6344,0,0,0,0,0,0,0,0,0,0,1,0,0,0,0,0,0,0,0
339,1,3,45.0,0.0,0,8.05,1.0,1,8.05,1,0,1,0,0,0,0,0,0,0,0,0,0,1,0,0,0,0,0
340,0,1,45.0,0.0,0,35.5,1.0,1,35.5,1,0,1,0,0,0,0,0,0,0,0,0,0,1,0,0,0,0,0
341,1,2,2.5,1.0,0,26.0,2.0,0,13.0,1,0,1,0,0,0,0,0,0,1,0,0,0,0,0,0,0,0,0
342,1,1,24.0,2.5,0,65.6344,3.5,0,18.752685714285715,0,0,1,0,0,0,0,0,0,0,1,0,0,0,0,0,0,0,0
343,0,2,28.0,0.0,0,13.0,1.0,1,13.0,1,0,1,0,0,0,0,0,0,0,0,0,0,1,0,0,0,0,0
344,0,2,25.0,0.0,0,13.0,1.0,1,13.0,1,0,1,0,0,0,0,0,0,0,0,0,0,1,0,0,0,0,0
345,0,2,36.0,0.0,0,13.0,1.0,1,13.0,1,0,1,0,0,0,0,0,0,0,0,0,0,1,0,0,0,0,0
346,1,2,24.0,0.0,0,13.0,1.0,1,13.0,0,0,1,0,0,0,0,0,0,0,1,0,0,0,0,0,0,0,0
347,1,2,40.0,0.0,0,13.0,1.0,1,13.0,0,0,1,0,0,0,0,0,0,0,1,0,0,0,0,0,0,0,0
348,1,3,28.0,1.0,0,16.1,2.0,0,8.05,0,0,1,0,0,0,0,0,0,0,0,0,0,0,1,0,0,0,0
349,1,3,3.0,1.0,0,15.9,2.0,0,7.95,1,0,1,0,0,0,0,0,0,1,0,0,0,0,0,0,0,0,0
350,0,3,42.0,0.0,0,8.6625,1.0,1,8.6625,1,0,1,0,0,0,0,0,0,0,0,0,0,1,0,0,0,0,0
351,0,3,23.0,0.0,0,9.225,1.0,1,9.225,1,0,1,0,0,0,0,0,0,0,0,0,0,1,0,0,0,0,0
352,0,1,28.0,0.0,0,35.0,1.0,1,35.0,1,0,1,0,0,0,0,0,0,0,0,0,0,1,0,0,0,0,0
353,0,3,15.0,1.0,0,7.2292,2.0,0,3.6146,1,0,0,0,0,0,0,0,0,0,0,0,0,1,0,0,0,0,0
354,0,3,25.0,1.0,0,17.8,2.0,0,8.9,1,0,1,0,0,0,0,0,0,0,0,0,0,1,0,0,0,0,0
355,0,3,28.0,0.0,0,7.225,1.0,1,7.225,1,0,0,0,0,0,0,0,0,0,0,0,0,1,0,0,0,0,0
356,0,3,28.0,0.0,0,9.5,1.0,1,9.5,1,0,1,0,0,0,0,0,0,0,0,0,0,1,0,0,0,0,0
357,1,1,22.0,0.0,0,55.0,1.0,1,55.0,0,0,1,0,0,0,0,0,0,0,1,0,0,0,0,0,0,0,0
358,0,2,38.0,0.0,0,13.0,1.0,1,13.0,0,0,1,0,0,0,0,0,0,0,1,0,0,0,0,0,0,0,0
359,1,3,28.0,0.0,0,7.8792,1.0,1,7.8792,0,1,0,0,0,0,0,0,0,0,1,0,0,0,0,0,0,0,0
360,1,3,28.0,0.0,0,7.8792,1.0,1,7.8792,0,1,0,0,0,0,0,0,0,0,1,0,0,0,0,0,0,0,0
361,0,3,40.0,1.0,0,27.9,2.0,0,13.95,1,0,1,0,0,0,0,0,0,0,0,0,0,1,0,0,0,0,0
362,0,2,29.0,1.0,0,27.7208,2.0,0,13.8604,1,0,0,0,0,0,0,0,0,0,0,0,0,1,0,0,0,0,0
363,0,3,45.0,0.0,0,14.4542,1.0,1,14.4542,0,0,0,0,0,0,0,0,0,0,0,0,0,0,1,0,0,0,0
364,0,3,35.0,0.0,0,7.05,1.0,1,7.05,1,0,1,0,0,0,0,0,0,0,0,0,0,1,0,0,0,0,0
365,0,3,28.0,1.0,0,15.5,2.0,0,7.75,1,1,0,0,0,0,0,0,0,0,0,0,0,1,0,0,0,0,0
366,0,3,30.0,0.0,0,7.25,1.0,1,7.25,1,0,1,0,0,0,0,0,0,0,0,0,0,1,0,0,0,0,0
367,1,1,54.5,1.0,0,65.6344,2.0,0,32.8172,0,0,0,0,0,0,0,0,0,0,0,0,0,0,1,0,0,0,0
368,1,3,28.0,0.0,0,7.2292,1.0,1,7.2292,0,0,0,0,0,0,0,0,0,0,0,0,0,0,1,0,0,0,0
369,1,3,28.0,0.0,0,7.75,1.0,1,7.75,0,1,0,0,0,0,0,0,0,0,1,0,0,0,0,0,0,0,0
370,1,1,24.0,0.0,0,65.6344,1.0,1,65.6344,0,0,0,0,0,0,0,0,0,0,0,0,1,0,0,0,0,0,0
371,1,1,25.0,1.0,0,55.4417,2.0,0,27.72085,1,0,0,0,0,0,0,0,0,0,0,0,0,1,0,0,0,0,0
372,0,3,18.0,1.0,0,6.4958,2.0,0,3.2479,1,0,1,0,0,0,0,0,0,0,0,0,0,1,0,0,0,0,0
373,0,3,19.0,0.0,0,8.05,1.0,1,8.05,1,0,1,0,0,0,0,0,0,0,0,0,0,1,0,0,0,0,0
374,0,1,22.0,0.0,0,65.6344,1.0,1,65.6344,1,0,0,0,0,0,0,0,0,0,0,0,0,1,0,0,0,0,0
375,0,3,3.0,2.5,0,21.075,3.5,0,6.021428571428571,0,0,1,0,0,0,0,0,0,0,1,0,0,0,0,0,0,0,0
376,1,1,28.0,1.0,0,65.6344,2.0,0,32.8172,0,0,0,0,0,0,0,0,0,0,0,0,0,0,1,0,0,0,0
377,1,3,22.0,0.0,0,7.25,1.0,1,7.25,0,0,1,0,0,0,0,0,0,0,1,0,0,0,0,0,0,0,0
378,0,1,27.0,0.0,0,65.6344,1.0,1,65.6344,1,0,0,0,0,0,0,0,0,0,0,0,0,1,0,0,0,0,0
379,0,3,20.0,0.0,0,4.0125,1.0,1,4.0125,1,0,0,0,0,0,0,0,0,0,0,0,0,1,0,0,0,0,0
380,0,3,19.0,0.0,0,7.775,1.0,1,7.775,1,0,1,0,0,0,0,0,0,0,0,0,0,1,0,0,0,0,0
381,1,1,42.0,0.0,0,65.6344,1.0,1,65.6344,0,0,0,0,0,0,0,0,0,0,1,0,0,0,0,0,0,0,0
382,1,3,2.5,0.0,0,15.7417,1.0,1,15.7417,0,0,0,0,0,0,0,0,0,0,1,0,0,0,0,0,0,0,0
383,0,3,32.0,0.0,0,7.925,1.0,1,7.925,1,0,1,0,0,0,0,0,0,0,0,0,0,1,0,0,0,0,0
384,1,1,35.0,1.0,0,52.0,2.0,0,26.0,0,0,1,0,0,0,0,0,0,0,0,0,0,0,1,0,0,0,0
385,0,3,28.0,0.0,0,7.8958,1.0,1,7.8958,1,0,1,0,0,0,0,0,0,0,0,0,0,1,0,0,0,0,0
386,0,2,18.0,0.0,0,65.6344,1.0,1,65.6344,1,0,1,0,0,0,0,0,0,0,0,0,0,1,0,0,0,0,0
387,0,3,2.5,2.5,0,46.9,3.5,0,13.4,1,0,1,0,0,0,0,0,0,1,0,0,0,0,0,0,0,0,0
388,1,2,36.0,0.0,0,13.0,1.0,1,13.0,0,0,1,0,0,0,0,0,0,0,1,0,0,0,0,0,0,0,0
389,0,3,28.0,0.0,0,7.7292,1.0,1,7.7292,1,1,0,0,0,0,0,0,0,0,0,0,0,1,0,0,0,0,0
390,1,2,17.0,0.0,0,12.0,1.0,1,12.0,0,0,0,0,0,0,0,0,0,0,1,0,0,0,0,0,0,0,0
391,1,1,36.0,1.0,0,65.6344,2.0,0,32.8172,1,0,1,0,0,0,0,0,0,0,0,0,0,1,0,0,0,0,0
392,1,3,21.0,0.0,0,7.7958,1.0,1,7.7958,1,0,1,0,0,0,0,0,0,0,0,0,0,1,0,0,0,0,0
393,0,3,28.0,2.0,0,7.925,3.0,0,2.6416666666666666,1,0,1,0,0,0,0,0,0,0,0,0,0,1,0,0,0,0,0
394,1,1,23.0,1.0,0,65.6344,2.0,0,32.8172,0,0,0,0,0,0,0,0,0,0,1,0,0,0,0,0,0,0,0
395,1,3,24.0,0.0,0,16.7,1.0,1,16.7,0,0,1,0,0,0,0,0,0,0,0,0,0,0,1,0,0,0,0
396,0,3,22.0,0.0,0,7.7958,1.0,1,7.7958,1,0,1,0,0,0,0,0,0,0,0,0,0,1,0,0,0,0,0
397,0,3,31.0,0.0,0,7.8542,1.0,1,7.8542,0,0,1,0,0,0,0,0,0,0,1,0,0,0,0,0,0,0,0
398,0,2,46.0,0.0,0,26.0,1.0,1,26.0,1,0,1,0,0,0,0,0,0,0,0,0,0,1,0,0,0,0,0
399,0,2,23.0,0.0,0,10.5,1.0,1,10.5,1,0,1,0,0,1,0,0,0,0,0,0,0,0,0,0,0,0,0
400,1,2,28.0,0.0,0,12.65,1.0,1,12.65,0,0,1,0,0,0,0,0,0,0,0,0,0,0,1,0,0,0,0
401,1,3,39.0,0.0,0,7.925,1.0,1,7.925,1,0,1,0,0,0,0,0,0,0,0,0,0,1,0,0,0,0,0
402,0,3,26.0,0.0,0,8.05,1.0,1,8.05,1,0,1,0,0,0,0,0,0,0,0,0,0,1,0,0,0,0,0
403,0,3,21.0,1.0,0,9.825,2.0,0,4.9125,0,0,1,0,0,0,0,0,0,0,1,0,0,0,0,0,0,0,0
404,0,3,28.0,1.0,0,15.85,2.0,0,7.925,1,0,1,0,0,0,0,0,0,0,0,0,0,1,0,0,0,0,0
405,0,3,20.0,0.0,0,8.6625,1.0,1,8.6625,0,0,1,0,0,0,0,0,0,0,1,0,0,0,0,0,0,0,0
406,0,2,34.0,1.0,0,21.0,2.0,0,10.5,1,0,1,0,0,0,0,0,0,0,0,0,0,1,0,0,0,0,0
407,0,3,51.0,0.0,0,7.75,1.0,1,7.75,1,0,1,0,0,0,0,0,0,0,0,0,0,1,0,0,0,0,0
408,1,2,3.0,1.0,0,18.75,2.0,0,9.375,1,0,1,0,0,0,0,0,0,1,0,0,0,0,0,0,0,0,0
409,0,3,21.0,0.0,0,7.775,1.0,1,7.775,1,0,1,0,0,0,0,0,0,0,0,0,0,1,0,0,0,0,0
410,0,3,28.0,2.5,0,25.4667,3.5,0,7.2762,0,0,1,0,0,0,0,0,0,0,1,0,0,0,0,0,0,0,0
411,0,3,28.0,0.0,0,7.8958,1.0,1,7.8958,1,0,1,0,0,0,0,0,0,0,0,0,0,1,0,0,0,0,0
412,0,3,28.0,0.0,0,6.8583,1.0,1,6.8583,1,1,0,0,0,0,0,0,0,0,0,0,0,1,0,0,0,0,0
413,1,1,33.0,1.0,0,65.6344,2.0,0,32.8172,0,1,0,0,0,0,0,0,0,0,1,0,0,0,0,0,0,0,0
414,0,2,28.0,0.0,0,0.0,1.0,1,0.0,1,0,1,0,0,0,0,0,0,0,0,0,0,1,0,0,0,0,0
415,1,3,44.0,0.0,0,7.925,1.0,1,7.925,1,0,1,0,0,0,0,0,0,0,0,0,0,1,0,0,0,0,0
416,0,3,28.0,0.0,0,8.05,1.0,1,8.05,0,0,1,0,0,0,0,0,0,0,0,0,0,0,1,0,0,0,0
417,1,2,34.0,1.0,0,32.5,2.0,0,16.25,0,0,1,0,0,0,0,0,0,0,0,0,0,0,1,0,0,0,0
418,1,2,18.0,0.0,0,13.0,1.0,1,13.0,0,0,1,0,0,0,0,0,0,0,1,0,0,0,0,0,0,0,0
419,0,2,30.0,0.0,0,13.0,1.0,1,13.0,1,0,1,0,0,0,0,0,0,0,0,0,0,1,0,0,0,0,0
420,0,3,10.0,0.0,0,24.15,1.0,1,24.15,0,0,1,0,0,0,0,0,0,0,1,0,0,0,0,0,0,0,0
421,0,3,28.0,0.0,0,7.8958,1.0,1,7.8958,1,0,0,0,0,0,0,0,0,0,0,0,0,1,0,0,0,0,0
422,0,3,21.0,0.0,0,7.7333,1.0,1,7.7333,1,1,0,0,0,0,0,0,0,0,0,0,0,1,0,0,0,0,0
423,0,3,29.0,0.0,0,7.875,1.0,1,7.875,1,0,1,0,0,0,0,0,0,0,0,0,0,1,0,0,0,0,0
424,0,3,28.0,1.0,0,14.4,2.0,0,7.2,0,0,1,0,0,0,0,0,0,0,0,0,0,0,1,0,0,0,0
425,0,3,18.0,1.0,0,20.2125,2.0,0,10.10625,1,0,1,0,0,0,0,0,0,0,0,0,0,1,0,0,0,0,0
426,0,3,28.0,0.0,0,7.25,1.0,1,7.25,1,0,1,0,0,0,0,0,0,0,0,0,0,1,0,0,0,0,0
427,1,2,28.0,1.0,0,26.0,2.0,0,13.0,0,0,1,0,0,0,0,0,0,0,0,0,0,0,1,0,0,0,0
428,1,2,19.0,0.0,0,26.0,1.0,1,26.0,0,0,1,0,0,0,0,0,0,0,1,0,0,0,0,0,0,0,0
429,0,3,28.0,0.0,0,7.75,1.0,1,7.75,1,1,0,0,0,0,0,0,0,0,0,0,0,1,0,0,0,0,0
430,1,3,32.0,0.0,0,8.05,1.0,1,8.05,1,0,1,0,0,0,0,0,0,0,0,0,0,1,0,0,0,0,0
431,1,1,28.0,0.0,0,26.55,1.0,1,26.55,1,0,1,0,0,0,0,0,0,0,0,0,0,1,0,0,0,0,0
432,1,3,28.0,1.0,0,16.1,2.0,0,8.05,0,0,1,0,0,0,0,0,0,0,0,0,0,0,1,0,0,0,0
433,1,2,42.0,1.0,0,26.0,2.0,0,13.0,0,0,1,0,0,0,0,0,0,0,0,0,0,0,1,0,0,0,0
434,0,3,17.0,0.0,0,7.125,1.0,1,7.125,1,0,1,0,0,0,0,0,0,0,0,0,0,1,0,0,0,0,0
435,0,1,50.0,1.0,0,55.9,2.0,0,27.95,1,0,1,0,0,0,0,0,0,0,0,0,0,1,0,0,0,0,0
436,1,1,14.0,1.0,0,65.6344,2.0,0,32.8172,0,0,1,0,0,0,0,0,0,0,1,0,0,0,0,0,0,0,0
437,0,3,21.0,2.0,0,34.375,3.0,0,11.458333333333334,0,0,1,0,0,0,0,0,0,0,1,0,0,0,0,0,0,0,0
438,1,2,24.0,2.0,0,18.75,3.0,0,6.25,0,0,1,0,0,0,0,0,0,0,0,0,0,0,1,0,0,0,0
439,0,1,54.5,1.0,0,65.6344,2.0,0,32.8172,1,0,1,0,0,0,0,0,0,0,0,0,0,1,0,0,0,0,0
440,0,2,31.0,0.0,0,10.5,1.0,1,10.5,1,0,1,0,0,0,0,0,0,0,0,0,0,1,0,0,0,0,0
441,1,2,45.0,1.0,0,26.25,2.0,0,13.125,0,0,1,0,0,0,0,0,0,0,0,0,0,0,1,0,0,0,0
442,0,3,20.0,0.0,0,9.5,1.0,1,9.5,1,0,1,0,0,0,0,0,0,0,0,0,0,1,0,0,0,0,0
443,0,3,25.0,1.0,0,7.775,2.0,0,3.8875,1,0,1,0,0,0,0,0,0,0,0,0,0,1,0,0,0,0,0
444,1,2,28.0,0.0,0,13.0,1.0,1,13.0,0,0,1,0,0,0,0,0,0,0,0,0,0,0,0,1,0,0,0
445,1,3,28.0,0.0,0,8.1125,1.0,1,8.1125,1,0,1,0,0,0,0,0,0,0,0,0,0,1,0,0,0,0,0
446,1,1,4.0,0.0,0,65.6344,1.0,1,65.6344,1,0,1,0,0,0,0,0,0,1,0,0,0,0,0,0,0,0,0
447,1,2,13.0,0.0,0,19.5,1.0,1,19.5,0,0,1,0,0,0,0,0,0,0,1,0,0,0,0,0,0,0,0
448,1,1,34.0,0.0,0,26.55,1.0,1,26.55,1,0,1,0,0,0,0,0,0,0,0,0,0,1,0,0,0,0,0
449,1,3,5.0,2.0,0,19.2583,3.0,0,6.419433333333333,0,0,0,0,0,0,0,0,0,0,1,0,0,0,0,0,0,0,0
450,1,1,52.0,0.0,0,30.5,1.0,1,30.5,1,0,1,0,0,0,0,0,1,0,0,0,0,0,0,0,0,0,0
451,0,2,36.0,1.0,0,27.75,2.0,0,13.875,1,0,1,0,0,0,0,0,0,0,0,0,0,1,0,0,0,0,0
452,0,3,28.0,1.0,0,19.9667,2.0,0,9.98335,1,0,1,0,0,0,0,0,0,0,0,0,0,1,0,0,0,0,0
453,0,1,30.0,0.0,0,27.75,1.0,1,27.75,1,0,0,0,0,0,0,0,0,0,0,0,0,1,0,0,0,0,0
454,1,1,49.0,1.0,0,65.6344,2.0,0,32.8172,1,0,0,0,0,0,0,0,0,0,0,0,0,1,0,0,0,0,0
455,0,3,28.0,0.0,0,8.05,1.0,1,8.05,1,0,1,0,0,0,0,0,0,0,0,0,0,1,0,0,0,0,0
456,1,3,29.0,0.0,0,7.8958,1.0,1,7.8958,1,0,0,0,0,0,0,0,0,0,0,0,0,1,0,0,0,0,0
457,0,1,54.5,0.0,0,26.55,1.0,1,26.55,1,0,1,0,0,0,0,0,0,0,0,0,0,1,0,0,0,0,0
458,1,1,28.0,1.0,0,51.8625,2.0,0,25.93125,0,0,1,0,0,0,0,0,0,0,0,0,0,0,1,0,0,0,0
459,1,2,50.0,0.0,0,10.5,1.0,1,10.5,0,0,1,0,0,0,0,0,0,0,1,0,0,0,0,0,0,0,0
460,0,3,28.0,0.0,0,7.75,1.0,1,7.75,1,1,0,0,0,0,0,0,0,0,0,0,0,1,0,0,0,0,0
461,1,1,48.0,0.0,0,26.55,1.0,1,26.55,1,0,1,0,0,0,0,0,0,0,0,0,0,1,0,0,0,0,0
462,0,3,34.0,0.0,0,8.05,1.0,1,8.05,1,0,1,0,0,0,0,0,0,0,0,0,0,1,0,0,0,0,0
463,0,1,47.0,0.0,0,38.5,1.0,1,38.5,1,0,1,0,0,0,0,0,0,0,0,0,0,1,0,0,0,0,0
464,0,2,48.0,0.0,0,13.0,1.0,1,13.0,1,0,1,0,0,0,0,0,0,0,0,0,0,1,0,0,0,0,0
465,0,3,28.0,0.0,0,8.05,1.0,1,8.05,1,0,1,0,0,0,0,0,0,0,0,0,0,1,0,0,0,0,0
466,0,3,38.0,0.0,0,7.05,1.0,1,7.05,1,0,1,0,0,0,0,0,0,0,0,0,0,1,0,0,0,0,0
467,0,2,28.0,0.0,0,0.0,1.0,1,0.0,1,0,1,0,0,0,0,0,0,0,0,0,0,1,0,0,0,0,0
468,0,1,54.5,0.0,0,26.55,1.0,1,26.55,1,0,1,0,0,0,0,0,0,0,0,0,0,1,0,0,0,0,0
469,0,3,28.0,0.0,0,7.725,1.0,1,7.725,1,1,0,0,0,0,0,0,0,0,0,0,0,1,0,0,0,0,0
470,1,3,2.5,2.0,0,19.2583,3.0,0,6.419433333333333,0,0,0,0,0,0,0,0,0,0,1,0,0,0,0,0,0,0,0
471,0,3,28.0,0.0,0,7.25,1.0,1,7.25,1,0,1,0,0,0,0,0,0,0,0,0,0,1,0,0,0,0,0
472,0,3,38.0,0.0,0,8.6625,1.0,1,8.6625,1,0,1,0,0,0,0,0,0,0,0,0,0,1,0,0,0,0,0
473,1,2,33.0,1.0,0,27.75,2.0,0,13.875,0,0,1,0,0,0,0,0,0,0,0,0,0,0,1,0,0,0,0
474,1,2,23.0,0.0,0,13.7917,1.0,1,13.7917,0,0,0,0,0,0,0,0,0,0,0,0,0,0,1,0,0,0,0
475,0,3,22.0,0.0,0,9.8375,1.0,1,9.8375,0,0,1,0,0,0,0,0,0,0,1,0,0,0,0,0,0,0,0
476,0,1,28.0,0.0,0,52.0,1.0,1,52.0,1,0,1,0,0,0,0,0,0,0,0,0,0,1,0,0,0,0,0
477,0,2,34.0,1.0,0,21.0,2.0,0,10.5,1,0,1,0,0,0,0,0,0,0,0,0,0,1,0,0,0,0,0
478,0,3,29.0,1.0,0,7.0458,2.0,0,3.5229,1,0,1,0,0,0,0,0,0,0,0,0,0,1,0,0,0,0,0
479,0,3,22.0,0.0,0,7.5208,1.0,1,7.5208,1,0,1,0,0,0,0,0,0,0,0,0,0,1,0,0,0,0,0
480,1,3,2.5,0.0,0,12.2875,1.0,1,12.2875,0,0,1,0,0,0,0,0,0,0,1,0,0,0,0,0,0,0,0
481,0,3,9.0,2.5,0,46.9,3.5,0,13.4,1,0,1,0,0,0,0,0,0,1,0,0,0,0,0,0,0,0,0
482,0,2,28.0,0.0,0,0.0,1.0,1,0.0,1,0,1,0,0,0,0,0,0,0,0,0,0,1,0,0,0,0,0
483,0,3,50.0,0.0,0,8.05,1.0,1,8.05,1,0,1,0,0,0,0,0,0,0,0,0,0,1,0,0,0,0,0
484,1,3,54.5,0.0,0,9.5875,1.0,1,9.5875,0,0,1,0,0,0,0,0,0,0,0,0,0,0,1,0,0,0,0
485,1,1,25.0,1.0,0,65.6344,2.0,0,32.8172,1,0,0,0,0,0,0,0,0,0,0,0,0,1,0,0,0,0,0
486,0,3,28.0,2.5,0,25.4667,3.5,0,7.2762,0,0,1,0,0,0,0,0,0,0,1,0,0,0,0,0,0,0,0
487,1,1,35.0,1.0,0,65.6344,2.0,0,32.8172,0,0,1,0,0,0,0,0,0,0,0,0,0,0,1,0,0,0,0
488,0,1,54.5,0.0,0,29.7,1.0,1,29.7,1,0,0,0,0,0,0,0,0,0,0,0,0,1,0,0,0,0,0
489,0,3,30.0,0.0,0,8.05,1.0,1,8.05,1,0,1,0,0,0,0,0,0,0,0,0,0,1,0,0,0,0,0
490,1,3,9.0,1.0,0,15.9,2.0,0,7.95,1,0,1,0,0,0,0,0,0,1,0,0,0,0,0,0,0,0,0
491,0,3,28.0,1.0,0,19.9667,2.0,0,9.98335,1,0,1,0,0,0,0,0,0,0,0,0,0,1,0,0,0,0,0
492,0,3,21.0,0.0,0,7.25,1.0,1,7.25,1,0,1,0,0,0,0,0,0,0,0,0,0,1,0,0,0,0,0
493,0,1,54.5,0.0,0,30.5,1.0,1,30.5,1,0,1,0,0,0,0,0,0,0,0,0,0,1,0,0,0,0,0
494,0,1,54.5,0.0,0,49.5042,1.0,1,49.5042,1,0,0,0,0,0,0,0,0,0,0,0,0,1,0,0,0,0,0
495,0,3,21.0,0.0,0,8.05,1.0,1,8.05,1,0,1,0,0,0,0,0,0,0,0,0,0,1,0,0,0,0,0
496,0,3,28.0,0.0,0,14.4583,1.0,1,14.4583,1,0,0,0,0,0,0,0,0,0,0,0,0,1,0,0,0,0,0
497,1,1,54.0,1.0,0,65.6344,2.0,0,32.8172,0,0,0,0,0,0,0,0,0,0,1,0,0,0,0,0,0,0,0
498,0,3,28.0,0.0,0,15.1,1.0,1,15.1,1,0,1,0,0,0,0,0,0,0,0,0,0,1,0,0,0,0,0
499,0,1,25.0,1.0,0,65.6344,2.0,0,32.8172,0,0,1,0,0,0,0,0,0,0,0,0,0,0,1,0,0,0,0
500,0,3,24.0,0.0,0,7.7958,1.0,1,7.7958,1,0,1,0,0,0,0,0,0,0,0,0,0,1,0,0,0,0,0
501,0,3,17.0,0.0,0,8.6625,1.0,1,8.6625,1,0,1,0,0,0,0,0,0,0,0,0,0,1,0,0,0,0,0
502,0,3,21.0,0.0,0,7.75,1.0,1,7.75,0,1,0,0,0,0,0,0,0,0,1,0,0,0,0,0,0,0,0
503,0,3,28.0,0.0,0,7.6292,1.0,1,7.6292,0,1,0,0,0,0,0,0,0,0,1,0,0,0,0,0,0,0,0
504,0,3,37.0,0.0,0,9.5875,1.0,1,9.5875,0,0,1,0,0,0,0,0,0,0,1,0,0,0,0,0,0,0,0
505,1,1,16.0,0.0,0,65.6344,1.0,1,65.6344,0,0,1,0,0,0,0,0,0,0,1,0,0,0,0,0,0,0,0
506,0,1,18.0,1.0,0,65.6344,2.0,0,32.8172,1,0,0,0,0,0,0,0,0,0,0,0,0,1,0,0,0,0,0
507,1,2,33.0,0.0,0,26.0,1.0,1,26.0,0,0,1,0,0,0,0,0,0,0,0,0,0,0,1,0,0,0,0
508,1,1,28.0,0.0,0,26.55,1.0,1,26.55,1,0,1,0,0,0,0,0,0,0,0,0,0,1,0,0,0,0,0
509,0,3,28.0,0.0,0,22.525,1.0,1,22.525,1,0,1,0,0,0,0,0,0,0,0,0,0,1,0,0,0,0,0
510,1,3,26.0,0.0,0,56.4958,1.0,1,56.4958,1,0,1,0,0,0,0,0,0,0,0,0,0,1,0,0,0,0,0
511,1,3,29.0,0.0,0,7.75,1.0,1,7.75,1,1,0,0,0,0,0,0,0,0,0,0,0,1,0,0,0,0,0
512,0,3,28.0,0.0,0,8.05,1.0,1,8.05,1,0,1,0,0,0,0,0,0,0,0,0,0,1,0,0,0,0,0
513,1,1,36.0,0.0,0,26.2875,1.0,1,26.2875,1,0,1,0,0,0,0,0,0,0,0,0,0,1,0,0,0,0,0
514,1,1,54.0,1.0,0,59.4,2.0,0,29.7,0,0,0,0,0,0,0,0,0,0,0,0,0,0,1,0,0,0,0
515,0,3,24.0,0.0,0,7.4958,1.0,1,7.4958,1,0,1,0,0,0,0,0,0,0,0,0,0,1,0,0,0,0,0
516,0,1,47.0,0.0,0,34.0208,1.0,1,34.0208,1,0,1,0,0,0,0,0,0,0,0,0,0,1,0,0,0,0,0
517,1,2,34.0,0.0,0,10.5,1.0,1,10.5,0,0,1,0,0,0,0,0,0,0,0,0,0,0,1,0,0,0,0
518,0,3,28.0,0.0,0,24.15,1.0,1,24.15,1,1,0,0,0,0,0,0,0,0,0,0,0,1,0,0,0,0,0
519,1,2,36.0,1.0,0,26.0,2.0,0,13.0,0,0,1,0,0,0,0,0,0,0,0,0,0,0,1,0,0,0,0
520,0,3,32.0,0.0,0,7.8958,1.0,1,7.8958,1,0,1,0,0,0,0,0,0,0,0,0,0,1,0,0,0,0,0
521,1,1,30.0,0.0,0,65.6344,1.0,1,65.6344,0,0,1,0,0,0,0,0,0,0,1,0,0,0,0,0,0,0,0
522,0,3,22.0,0.0,0,7.8958,1.0,1,7.8958,1,0,1,0,0,0,0,0,0,0,0,0,0,1,0,0,0,0,0
523,0,3,28.0,0.0,0,7.225,1.0,1,7.225,1,0,0,0,0,0,0,0,0,0,0,0,0,1,0,0,0,0,0
524,1,1,44.0,0.0,0,57.9792,1.0,1,57.9792,0,0,0,0,0,0,0,0,0,0,0,0,0,0,1,0,0,0,0
525,0,3,28.0,0.0,0,7.2292,1.0,1,7.2292,1,0,0,0,0,0,0,0,0,0,0,0,0,1,0,0,0,0,0
526,0,3,40.5,0.0,0,7.75,1.0,1,7.75,1,1,0,0,0,0,0,0,0,0,0,0,0,1,0,0,0,0,0
527,1,2,50.0,0.0,0,10.5,1.0,1,10.5,0,0,1,0,0,0,0,0,0,0,1,0,0,0,0,0,0,0,0
528,0,1,28.0,0.0,0,65.6344,1.0,1,65.6344,1,0,1,0,0,0,0,0,0,0,0,0,0,1,0,0,0,0,0
529,0,3,39.0,0.0,0,7.925,1.0,1,7.925,1,0,1,0,0,0,0,0,0,0,0,0,0,1,0,0,0,0,0
530,0,2,23.0,2.0,0,11.5,3.0,0,3.8333333333333335,1,0,1,0,0,0,0,0,0,0,0,0,0,1,0,0,0,0,0
531,1,2,2.5,1.0,0,26.0,2.0,0,13.0,0,0,1,0,0,0,0,0,0,0,1,0,0,0,0,0,0,0,0
532,0,3,28.0,0.0,0,7.2292,1.0,1,7.2292,1,0,0,0,0,0,0,0,0,0,0,0,0,1,0,0,0,0,0
533,0,3,17.0,1.0,0,7.2292,2.0,0,3.6146,1,0,0,0,0,0,0,0,0,0,0,0,0,1,0,0,0,0,0
534,1,3,28.0,0.0,0,22.3583,1.0,1,22.3583,0,0,0,0,0,0,0,0,0,0,0,0,0,0,1,0,0,0,0
535,0,3,30.0,0.0,0,8.6625,1.0,1,8.6625,0,0,1,0,0,0,0,0,0,0,1,0,0,0,0,0,0,0,0
536,1,2,7.0,0.0,0,26.25,1.0,1,26.25,0,0,1,0,0,0,0,0,0,0,1,0,0,0,0,0,0,0,0
537,0,1,45.0,0.0,0,26.55,1.0,1,26.55,1,0,1,0,0,0,0,0,1,0,0,0,0,0,0,0,0,0,0
538,1,1,30.0,0.0,0,65.6344,1.0,1,65.6344,0,0,0,0,0,0,0,0,0,0,1,0,0,0,0,0,0,0,0
539,0,3,28.0,0.0,0,14.5,1.0,1,14.5,1,0,1,0,0,0,0,0,0,0,0,0,0,1,0,0,0,0,0
540,1,1,22.0,0.0,0,49.5,1.0,1,49.5,0,0,0,0,0,0,0,0,0,0,1,0,0,0,0,0,0,0,0
541,1,1,36.0,0.0,0,65.6344,1.0,1,65.6344,0,0,1,0,0,0,0,0,0,0,1,0,0,0,0,0,0,0,0
542,0,3,9.0,2.5,0,31.275,3.5,0,8.935714285714285,0,0,1,0,0,0,0,0,0,0,1,0,0,0,0,0,0,0,0
543,0,3,11.0,2.5,0,31.275,3.5,0,8.935714285714285,0,0,1,0,0,0,0,0,0,0,1,0,0,0,0,0,0,0,0
544,1,2,32.0,1.0,0,26.0,2.0,0,13.0,1,0,1,0,0,0,0,0,0,0,0,0,0,1,0,0,0,0,0
545,0,1,50.0,1.0,0,65.6344,2.0,0,32.8172,1,0,0,0,0,0,0,0,0,0,0,0,0,1,0,0,0,0,0
546,0,1,54.5,0.0,0,26.0,1.0,1,26.0,1,0,1,0,0,0,0,0,0,0,0,0,0,1,0,0,0,0,0
547,1,2,19.0,1.0,0,26.0,2.0,0,13.0,0,0,1,0,0,0,0,0,0,0,0,0,0,0,1,0,0,0,0
548,1,2,28.0,0.0,0,13.8625,1.0,1,13.8625,1,0,0,0,0,0,0,0,0,0,0,0,0,1,0,0,0,0,0
549,0,3,33.0,1.0,0,20.525,2.0,0,10.2625,1,0,1,0,0,0,0,0,0,0,0,0,0,1,0,0,0,0,0
550,1,2,8.0,1.0,0,36.75,2.0,0,18.375,1,0,1,0,0,0,0,0,0,1,0,0,0,0,0,0,0,0,0
551,1,1,17.0,0.0,0,65.6344,1.0,1,65.6344,1,0,0,0,0,0,0,0,0,0,0,0,0,1,0,0,0,0,0
552,0,2,27.0,0.0,0,26.0,1.0,1,26.0,1,0,1,0,0,0,0,0,0,0,0,0,0,1,0,0,0,0,0
553,0,3,28.0,0.0,0,7.8292,1.0,1,7.8292,1,1,0,0,0,0,0,0,0,0,0,0,0,1,0,0,0,0,0
554,1,3,22.0,0.0,0,7.225,1.0,1,7.225,1,0,0,0,0,0,0,0,0,0,0,0,0,1,0,0,0,0,0
555,1,3,22.0,0.0,0,7.775,1.0,1,7.775,0,0,1,0,0,0,0,0,0,0,1,0,0,0,0,0,0,0,0
556,0,1,54.5,0.0,0,26.55,1.0,1,26.55,1,0,1,0,0,0,0,0,0,0,0,0,0,1,0,0,0,0,0
557,1,1,48.0,1.0,0,39.6,2.0,0,19.8,0,0,0,0,0,0,0,1,0,0,0,0,0,0,0,0,0,0,0
558,0,1,28.0,0.0,0,65.6344,1.0,1,65.6344,1,0,0,0,0,0,0,0,0,0,0,0,0,1,0,0,0,0,0
559,1,1,39.0,1.0,0,65.6344,2.0,0,32.8172,0,0,1,0,0,0,0,0,0,0,0,0,0,0,1,0,0,0,0
560,1,3,36.0,1.0,0,17.4,2.0,0,8.7,0,0,1,0,0,0,0,0,0,0,0,0,0,0,1,0,0,0,0
561,0,3,28.0,0.0,0,7.75,1.0,1,7.75,1,1,0,0,0,0,0,0,0,0,0,0,0,1,0,0,0,0,0
562,0,3,40.0,0.0,0,7.8958,1.0,1,7.8958,1,0,1,0,0,0,0,0,0,0,0,0,0,1,0,0,0,0,0
563,0,2,28.0,0.0,0,13.5,1.0,1,13.5,1,0,1,0,0,0,0,0,0,0,0,0,0,1,0,0,0,0,0
564,0,3,28.0,0.0,0,8.05,1.0,1,8.05,1,0,1,0,0,0,0,0,0,0,0,0,0,1,0,0,0,0,0
565,0,3,28.0,0.0,0,8.05,1.0,1,8.05,0,0,1,0,0,0,0,0,0,0,1,0,0,0,0,0,0,0,0
566,0,3,24.0,2.0,0,24.15,3.0,0,8.049999999999999,1,0,1,0,0,0,0,0,0,0,0,0,0,1,0,0,0,0,0
567,0,3,19.0,0.0,0,7.8958,1.0,1,7.8958,1,0,1,0,0,0,0,0,0,0,0,0,0,1,0,0,0,0,0
568,0,3,29.0,0.0,0,21.075,1.0,1,21.075,0,0,1,0,0,0,0,0,0,0,0,0,0,0,1,0,0,0,0
569,0,3,28.0,0.0,0,7.2292,1.0,1,7.2292,1,0,0,0,0,0,0,0,0,0,0,0,0,1,0,0,0,0,0
570,1,3,32.0,0.0,0,7.8542,1.0,1,7.8542,1,0,1,0,0,0,0,0,0,0,0,0,0,1,0,0,0,0,0
571,1,2,54.5,0.0,0,10.5,1.0,1,10.5,1,0,1,0,0,0,0,0,0,0,0,0,0,1,0,0,0,0,0
572,1,1,53.0,2.0,0,51.4792,3.0,0,17.15973333333333,0,0,1,0,0,0,0,0,0,0,0,0,0,0,1,0,0,0,0
573,1,1,36.0,0.0,0,26.3875,1.0,1,26.3875,1,0,1,0,0,0,0,0,0,0,0,0,0,1,0,0,0,0,0
574,1,3,28.0,0.0,0,7.75,1.0,1,7.75,0,1,0,0,0,0,0,0,0,0,1,0,0,0,0,0,0,0,0
575,0,3,16.0,0.0,0,8.05,1.0,1,8.05,1,0,1,0,0,0,0,0,0,0,0,0,0,1,0,0,0,0,0
576,0,3,19.0,0.0,0,14.5,1.0,1,14.5,1,0,1,0,0,0,0,0,0,0,0,0,0,1,0,0,0,0,0
577,1,2,34.0,0.0,0,13.0,1.0,1,13.0,0,0,1,0,0,0,0,0,0,0,1,0,0,0,0,0,0,0,0
578,1,1,39.0,1.0,0,55.9,2.0,0,27.95,0,0,1,0,0,0,0,0,0,0,0,0,0,0,1,0,0,0,0
579,0,3,28.0,1.0,0,14.4583,2.0,0,7.22915,0,0,0,0,0,0,0,0,0,0,0,0,0,0,1,0,0,0,0
580,1,3,32.0,0.0,0,7.925,1.0,1,7.925,1,0,1,0,0,0,0,0,0,0,0,0,0,1,0,0,0,0,0
581,1,2,25.0,1.0,0,30.0,2.0,0,15.0,0,0,1,0,0,0,0,0,0,0,1,0,0,0,0,0,0,0,0
582,1,1,39.0,1.0,0,65.6344,2.0,0,32.8172,0,0,0,0,0,0,0,0,0,0,0,0,0,0,1,0,0,0,0
583,0,2,54.0,0.0,0,26.0,1.0,1,26.0,1,0,1,0,0,0,0,0,0,0,0,0,0,1,0,0,0,0,0
584,0,1,36.0,0.0,0,40.125,1.0,1,40.125,1,0,0,0,0,0,0,0,0,0,0,0,0,1,0,0,0,0,0
585,0,3,28.0,0.0,0,8.7125,1.0,1,8.7125,1,0,0,0,0,0,0,0,0,0,0,0,0,1,0,0,0,0,0
586,1,1,18.0,0.0,0,65.6344,1.0,1,65.6344,0,0,1,0,0,0,0,0,0,0,1,0,0,0,0,0,0,0,0
587,0,2,47.0,0.0,0,15.0,1.0,1,15.0,1,0,1,0,0,0,0,0,0,0,0,0,0,1,0,0,0,0,0
588,1,1,54.5,1.0,0,65.6344,2.0,0,32.8172,1,0,0,0,0,0,0,0,0,0,0,0,0,1,0,0,0,0,0
589,0,3,22.0,0.0,0,8.05,1.0,1,8.05,1,0,1,0,0,0,0,0,0,0,0,0,0,1,0,0,0,0,0
590,0,3,28.0,0.0,0,8.05,1.0,1,8.05,1,0,1,0,0,0,0,0,0,0,0,0,0,1,0,0,0,0,0
591,0,3,35.0,0.0,0,7.125,1.0,1,7.125,1,0,1,0,0,0,0,0,0,0,0,0,0,1,0,0,0,0,0
592,1,1,52.0,1.0,0,65.6344,2.0,0,32.8172,0,0,0,0,0,0,0,0,0,0,0,0,0,0,1,0,0,0,0
593,0,3,47.0,0.0,0,7.25,1.0,1,7.25,1,0,1,0,0,0,0,0,0,0,0,0,0,1,0,0,0,0,0
594,0,3,28.0,0.0,0,7.75,1.0,1,7.75,0,1,0,0,0,0,0,0,0,0,1,0,0,0,0,0,0,0,0
595,0,2,37.0,1.0,0,26.0,2.0,0,13.0,1,0,1,0,0,0,0,0,0,0,0,0,0,1,0,0,0,0,0
596,0,3,36.0,1.0,0,24.15,2.0,0,12.075,1,0,1,0,0,0,0,0,0,0,0,0,0,1,0,0,0,0,0
597,1,2,28.0,0.0,0,33.0,1.0,1,33.0,0,0,1,0,0,0,0,0,0,0,1,0,0,0,0,0,0,0,0
598,0,3,49.0,0.0,0,0.0,1.0,1,0.0,1,0,1,0,0,0,0,0,0,0,0,0,0,1,0,0,0,0,0
599,0,3,28.0,0.0,0,7.225,1.0,1,7.225,1,0,0,0,0,0,0,0,0,0,0,0,0,1,0,0,0,0,0
600,1,1,49.0,1.0,0,56.9292,2.0,0,28.4646,1,0,0,0,0,0,0,0,0,0,0,0,0,0,0,0,0,1,0
601,1,2,24.0,2.0,0,27.0,3.0,0,9.0,0,0,1,0,0,0,0,0,0,0,0,0,0,0,1,0,0,0,0
602,0,3,28.0,0.0,0,7.8958,1.0,1,7.8958,1,0,1,0,0,0,0,0,0,0,0,0,0,1,0,0,0,0,0
603,0,1,28.0,0.0,0,42.4,1.0,1,42.4,1,0,1,0,0,0,0,0,0,0,0,0,0,1,0,0,0,0,0
604,0,3,44.0,0.0,0,8.05,1.0,1,8.05,1,0,1,0,0,0,0,0,0,0,0,0,0,1,0,0,0,0,0
605,1,1,35.0,0.0,0,26.55,1.0,1,26.55,1,0,0,0,0,0,0,0,0,0,0,0,0,1,0,0,0,0,0
606,0,3,36.0,1.0,0,15.55,2.0,0,7.775,1,0,1,0,0,0,0,0,0,0,0,0,0,1,0,0,0,0,0
607,0,3,30.0,0.0,0,7.8958,1.0,1,7.8958,1,0,1,0,0,0,0,0,0,0,0,0,0,1,0,0,0,0,0
608,1,1,27.0,0.0,0,30.5,1.0,1,30.5,1,0,1,0,0,0,0,0,0,0,0,0,0,1,0,0,0,0,0
609,1,2,22.0,1.0,0,41.5792,2.0,0,20.7896,0,0,0,0,0,0,0,0,0,0,0,0,0,0,1,0,0,0,0
610,1,1,40.0,0.0,0,65.6344,1.0,1,65.6344,0,0,1,0,0,0,0,0,0,0,1,0,0,0,0,0,0,0,0
611,0,3,39.0,1.0,0,31.275,2.0,0,15.6375,0,0,1,0,0,0,0,0,0,0,0,0,0,0,1,0,0,0,0
612,0,3,28.0,0.0,0,7.05,1.0,1,7.05,1,0,1,0,0,0,0,0,0,0,0,0,0,1,0,0,0,0,0
613,1,3,28.0,1.0,0,15.5,2.0,0,7.75,0,1,0,0,0,0,0,0,0,0,1,0,0,0,0,0,0,0,0
614,0,3,28.0,0.0,0,7.75,1.0,1,7.75,1,1,0,0,0,0,0,0,0,0,0,0,0,1,0,0,0,0,0
615,0,3,35.0,0.0,0,8.05,1.0,1,8.05,1,0,1,0,0,0,0,0,0,0,0,0,0,1,0,0,0,0,0
616,1,2,24.0,1.0,0,65.0,2.0,0,32.5,0,0,1,0,0,0,0,0,0,0,1,0,0,0,0,0,0,0,0
617,0,3,34.0,1.0,0,14.4,2.0,0,7.2,1,0,1,0,0,0,0,0,0,0,0,0,0,1,0,0,0,0,0
618,0,3,26.0,1.0,0,16.1,2.0,0,8.05,0,0,1,0,0,0,0,0,0,0,0,0,0,0,1,0,0,0,0
619,1,2,4.0,2.0,0,39.0,3.0,0,13.0,0,0,1,0,0,0,0,0,0,0,1,0,0,0,0,0,0,0,0
620,0,2,26.0,0.0,0,10.5,1.0,1,10.5,1,0,1,0,0,0,0,0,0,0,0,0,0,1,0,0,0,0,0
621,0,3,27.0,1.0,0,14.4542,2.0,0,7.2271,1,0,0,0,0,0,0,0,0,0,0,0,0,1,0,0,0,0,0
622,1,1,42.0,1.0,0,52.5542,2.0,0,26.2771,1,0,1,0,0,0,0,0,0,0,0,0,0,1,0,0,0,0,0
623,1,3,20.0,1.0,0,15.7417,2.0,0,7.87085,1,0,0,0,0,0,0,0,0,0,0,0,0,1,0,0,0,0,0
624,0,3,21.0,0.0,0,7.8542,1.0,1,7.8542,1,0,1,0,0,0,0,0,0,0,0,0,0,1,0,0,0,0,0
625,0,3,21.0,0.0,0,16.1,1.0,1,16.1,1,0,1,0,0,0,0,0,0,0,0,0,0,1,0,0,0,0,0
626,0,1,54.5,0.0,0,32.3208,1.0,1,32.3208,1,0,1,0,0,0,0,0,0,0,0,0,0,1,0,0,0,0,0
627,0,2,54.5,0.0,0,12.35,1.0,1,12.35,1,1,0,0,0,0,0,0,0,0,0,0,0,0,0,0,1,0,0
628,1,1,21.0,0.0,0,65.6344,1.0,1,65.6344,0,0,1,0,0,0,0,0,0,0,1,0,0,0,0,0,0,0,0
629,0,3,26.0,0.0,0,7.8958,1.0,1,7.8958,1,0,1,0,0,0,0,0,0,0,0,0,0,1,0,0,0,0,0
630,0,3,28.0,0.0,0,7.7333,1.0,1,7.7333,1,1,0,0,0,0,0,0,0,0,0,0,0,1,0,0,0,0,0
631,1,1,54.5,0.0,0,30.0,1.0,1,30.0,1,0,1,0,0,0,0,0,0,0,0,0,0,1,0,0,0,0,0
632,0,3,51.0,0.0,0,7.0542,1.0,1,7.0542,1,0,1,0,0,0,0,0,0,0,0,0,0,1,0,0,0,0,0
633,1,1,32.0,0.0,0,30.5,1.0,1,30.5,1,0,0,0,0,1,0,0,0,0,0,0,0,0,0,0,0,0,0
634,0,1,28.0,0.0,0,0.0,1.0,1,0.0,1,0,1,0,0,0,0,0,0,0,0,0,0,1,0,0,0,0,0
635,0,3,9.0,2.5,0,27.9,3.5,0,7.971428571428571,0,0,1,0,0,0,0,0,0,0,1,0,0,0,0,0,0,0,0
636,1,2,28.0,0.0,0,13.0,1.0,1,13.0,0,0,1,0,0,0,0,0,0,0,1,0,0,0,0,0,0,0,0
637,0,3,32.0,0.0,0,7.925,1.0,1,7.925,1,0,1,0,0,0,0,0,0,0,0,0,0,1,0,0,0,0,0
638,0,2,31.0,1.0,0,26.25,2.0,0,13.125,1,0,1,0,0,0,0,0,0,0,0,0,0,1,0,0,0,0,0
639,0,3,41.0,0.0,0,39.6875,1.0,1,39.6875,0,0,1,0,0,0,0,0,0,0,0,0,0,0,1,0,0,0,0
640,0,3,28.0,1.0,0,16.1,2.0,0,8.05,1,0,1,0,0,0,0,0,0,0,0,0,0,1,0,0,0,0,0
641,0,3,20.0,0.0,0,7.8542,1.0,1,7.8542,1,0,1,0,0,0,0,0,0,0,0,0,0,1,0,0,0,0,0
642,1,1,24.0,0.0,0,65.6344,1.0,1,65.6344,0,0,0,0,0,0,0,0,0,0,0,1,0,0,0,0,0,0,0
643,0,3,2.5,2.5,0,27.9,3.5,0,7.971428571428571,0,0,1,0,0,0,0,0,0,0,1,0,0,0,0,0,0,0,0
644,1,3,28.0,0.0,0,56.4958,1.0,1,56.4958,1,0,1,0,0,0,0,0,0,0,0,0,0,1,0,0,0,0,0
645,1,3,2.5,2.0,0,19.2583,3.0,0,6.419433333333333,0,0,0,0,0,0,0,0,0,0,1,0,0,0,0,0,0,0,0
646,1,1,48.0,1.0,0,65.6344,2.0,0,32.8172,1,0,0,0,0,0,0,0,0,0,0,0,0,1,0,0,0,0,0
647,0,3,19.0,0.0,0,7.8958,1.0,1,7.8958,1,0,1,0,0,0,0,0,0,0,0,0,0,1,0,0,0,0,0
648,1,1,54.5,0.0,0,35.5,1.0,1,35.5,1,0,0,1,0,0,0,0,0,0,0,0,0,0,0,0,0,0,0
649,0,3,28.0,0.0,0,7.55,1.0,1,7.55,1,0,1,0,0,0,0,0,0,0,0,0,0,1,0,0,0,0,0
650,1,3,23.0,0.0,0,7.55,1.0,1,7.55,0,0,1,0,0,0,0,0,0,0,1,0,0,0,0,0,0,0,0
651,0,3,28.0,0.0,0,7.8958,1.0,1,7.8958,1,0,1,0,0,0,0,0,0,0,0,0,0,1,0,0,0,0,0
652,1,2,18.0,0.0,0,23.0,1.0,1,23.0,0,0,1,0,0,0,0,0,0,0,1,0,0,0,0,0,0,0,0
653,0,3,21.0,0.0,0,8.4333,1.0,1,8.4333,1,0,1,0,0,0,0,0,0,0,0,0,0,1,0,0,0,0,0
654,1,3,28.0,0.0,0,7.8292,1.0,1,7.8292,0,1,0,0,0,0,0,0,0,0,1,0,0,0,0,0,0,0,0
655,0,3,18.0,0.0,0,6.75,1.0,1,6.75,0,1,0,0,0,0,0,0,0,0,1,0,0,0,0,0,0,0,0
656,0,2,24.0,2.0,0,65.6344,3.0,0,21.878133333333334,1,0,1,0,0,0,0,0,0,0,0,0,0,1,0,0,0,0,0
657,0,3,28.0,0.0,0,7.8958,1.0,1,7.8958,1,0,1,0,0,0,0,0,0,0,0,0,0,1,0,0,0,0,0
658,0,3,32.0,1.0,0,15.5,2.0,0,7.75,0,1,0,0,0,0,0,0,0,0,0,0,0,0,1,0,0,0,0
659,0,2,23.0,0.0,0,13.0,1.0,1,13.0,1,0,1,0,0,0,0,0,0,0,0,0,0,1,0,0,0,0,0
660,0,1,54.5,0.0,0,65.6344,1.0,1,65.6344,1,0,0,0,0,0,0,0,0,0,0,0,0,1,0,0,0,0,0
661,1,1,50.0,2.0,0,65.6344,3.0,0,21.878133333333334,1,0,1,0,0,1,0,0,0,0,0,0,0,0,0,0,0,0,0
662,0,3,40.0,0.0,0,7.225,1.0,1,7.225,1,0,0,0,0,0,0,0,0,0,0,0,0,1,0,0,0,0,0
663,0,1,47.0,0.0,0,25.5875,1.0,1,25.5875,1,0,1,0,0,0,0,0,0,0,0,0,0,1,0,0,0,0,0
664,0,3,36.0,0.0,0,7.4958,1.0,1,7.4958,1,0,1,0,0,0,0,0,0,0,0,0,0,1,0,0,0,0,0
665,1,3,20.0,1.0,0,7.925,2.0,0,3.9625,1,0,1,0,0,0,0,0,0,0,0,0,0,1,0,0,0,0,0
666,0,2,32.0,2.0,0,65.6344,3.0,0,21.878133333333334,1,0,1,0,0,0,0,0,0,0,0,0,0,1,0,0,0,0,0
667,0,2,25.0,0.0,0,13.0,1.0,1,13.0,1,0,1,0,0,0,0,0,0,0,0,0,0,1,0,0,0,0,0
668,0,3,28.0,0.0,0,7.775,1.0,1,7.775,1,0,1,0,0,0,0,0,0,0,0,0,0,1,0,0,0,0,0
669,0,3,43.0,0.0,0,8.05,1.0,1,8.05,1,0,1,0,0,0,0,0,0,0,0,0,0,1,0,0,0,0,0
670,1,1,28.0,1.0,0,52.0,2.0,0,26.0,0,0,1,0,0,0,0,0,0,0,0,0,0,0,1,0,0,0,0
671,1,2,40.0,1.0,0,39.0,2.0,0,19.5,0,0,1,0,0,0,0,0,0,0,0,0,0,0,1,0,0,0,0
672,0,1,31.0,1.0,0,52.0,2.0,0,26.0,1,0,1,0,0,0,0,0,0,0,0,0,0,1,0,0,0,0,0
673,0,2,54.5,0.0,0,10.5,1.0,1,10.5,1,0,1,0,0,0,0,0,0,0,0,0,0,1,0,0,0,0,0
674,1,2,31.0,0.0,0,13.0,1.0,1,13.0,1,0,1,0,0,0,0,0,0,0,0,0,0,1,0,0,0,0,0
675,0,2,28.0,0.0,0,0.0,1.0,1,0.0,1,0,1,0,0,0,0,0,0,0,0,0,0,1,0,0,0,0,0
676,0,3,18.0,0.0,0,7.775,1.0,1,7.775,1,0,1,0,0,0,0,0,0,0,0,0,0,1,0,0,0,0,0
677,0,3,24.5,0.0,0,8.05,1.0,1,8.05,1,0,1,0,0,0,0,0,0,0,0,0,0,1,0,0,0,0,0
678,1,3,18.0,0.0,0,9.8417,1.0,1,9.8417,0,0,1,0,0,0,0,0,0,0,1,0,0,0,0,0,0,0,0
679,0,3,43.0,1.0,0,46.9,2.0,0,23.45,0,0,1,0,0,0,0,0,0,0,0,0,0,0,1,0,0,0,0
680,1,1,36.0,0.0,0,65.6344,1.0,1,65.6344,1,0,0,0,0,0,0,0,0,0,0,0,0,1,0,0,0,0,0
681,0,3,28.0,0.0,0,8.1375,1.0,1,8.1375,0,1,0,0,0,0,0,0,0,0,1,0,0,0,0,0,0,0,0
682,1,1,27.0,0.0,0,65.6344,1.0,1,65.6344,1,0,0,0,0,0,0,0,0,0,0,0,0,1,0,0,0,0,0
683,0,3,20.0,0.0,0,9.225,1.0,1,9.225,1,0,1,0,0,0,0,0,0,0,0,0,0,1,0,0,0,0,0
684,0,3,14.0,2.5,0,46.9,3.5,0,13.4,1,0,1,0,0,0,0,0,0,0,0,0,0,1,0,0,0,0,0
685,0,2,54.5,1.0,0,39.0,2.0,0,19.5,1,0,1,0,0,0,0,0,0,0,0,0,0,1,0,0,0,0,0
686,0,2,25.0,1.0,0,41.5792,2.0,0,20.7896,1,0,0,0,0,0,0,0,0,0,0,0,0,1,0,0,0,0,0
687,0,3,14.0,2.5,0,39.6875,3.5,0,11.339285714285714,1,0,1,0,0,0,0,0,0,0,0,0,0,1,0,0,0,0,0
688,0,3,19.0,0.0,0,10.1708,1.0,1,10.1708,1,0,1,0,0,0,0,0,0,0,0,0,0,1,0,0,0,0,0
689,0,3,18.0,0.0,0,7.7958,1.0,1,7.7958,1,0,1,0,0,0,0,0,0,0,0,0,0,1,0,0,0,0,0
690,1,1,15.0,0.0,0,65.6344,1.0,1,65.6344,0,0,1,0,0,0,0,0,0,0,1,0,0,0,0,0,0,0,0
691,1,1,31.0,1.0,0,57.0,2.0,0,28.5,1,0,1,0,0,0,0,0,0,0,0,0,0,1,0,0,0,0,0
692,1,3,4.0,0.0,0,13.4167,1.0,1,13.4167,0,0,0,0,0,0,0,0,0,0,1,0,0,0,0,0,0,0,0
693,1,3,28.0,0.0,0,56.4958,1.0,1,56.4958,1,0,1,0,0,0,0,0,0,0,0,0,0,1,0,0,0,0,0
694,0,3,25.0,0.0,0,7.225,1.0,1,7.225,1,0,0,0,0,0,0,0,0,0,0,0,0,1,0,0,0,0,0
695,0,1,54.5,0.0,0,26.55,1.0,1,26.55,1,0,1,1,0,0,0,0,0,0,0,0,0,0,0,0,0,0,0
696,0,2,52.0,0.0,0,13.5,1.0,1,13.5,1,0,1,0,0,0,0,0,0,0,0,0,0,1,0,0,0,0,0
697,0,3,44.0,0.0,0,8.05,1.0,1,8.05,1,0,1,0,0,0,0,0,0,0,0,0,0,1,0,0,0,0,0
698,1,3,28.0,0.0,0,7.7333,1.0,1,7.7333,0,1,0,0,0,0,0,0,0,0,1,0,0,0,0,0,0,0,0
699,0,1,49.0,1.0,0,65.6344,2.0,0,32.8172,1,0,0,0,0,0,0,0,0,0,0,0,0,1,0,0,0,0,0
700,0,3,42.0,0.0,0,7.65,1.0,1,7.65,1,0,1,0,0,0,0,0,0,0,0,0,0,1,0,0,0,0,0
701,1,1,18.0,1.0,0,65.6344,2.0,0,32.8172,0,0,0,0,0,0,0,0,0,0,0,0,0,0,1,0,0,0,0
702,1,1,35.0,0.0,0,26.2875,1.0,1,26.2875,1,0,1,0,0,0,0,0,0,0,0,0,0,1,0,0,0,0,0
703,0,3,18.0,0.0,0,14.4542,1.0,1,14.4542,0,0,0,0,0,0,0,0,0,0,1,0,0,0,0,0,0,0,0
704,0,3,25.0,0.0,0,7.7417,1.0,1,7.7417,1,1,0,0,0,0,0,0,0,0,0,0,0,1,0,0,0,0,0
705,0,3,26.0,1.0,0,7.8542,2.0,0,3.9271,1,0,1,0,0,0,0,0,0,0,0,0,0,1,0,0,0,0,0
706,0,2,39.0,0.0,0,26.0,1.0,1,26.0,1,0,1,0,0,0,0,0,0,0,0,0,0,1,0,0,0,0,0
707,1,2,45.0,0.0,0,13.5,1.0,1,13.5,0,0,1,0,0,0,0,0,0,0,0,0,0,0,1,0,0,0,0
708,1,1,42.0,0.0,0,26.2875,1.0,1,26.2875,1,0,1,0,0,0,0,0,0,0,0,0,0,1,0,0,0,0,0
709,1,1,22.0,0.0,0,65.6344,1.0,1,65.6344,0,0,1,0,0,0,0,0,0,0,1,0,0,0,0,0,0,0,0
710,1,3,28.0,1.0,0,15.2458,2.0,0,7.6229,1,0,0,0,0,0,0,0,0,1,0,0,0,0,0,0,0,0,0
711,1,1,24.0,0.0,0,49.5042,1.0,1,49.5042,0,0,0,0,0,0,0,0,0,0,0,1,0,0,0,0,0,0,0
712,0,1,28.0,0.0,0,26.55,1.0,1,26.55,1,0,1,0,0,0,0,0,0,0,0,0,0,1,0,0,0,0,0
713,1,1,48.0,1.0,0,52.0,2.0,0,26.0,1,0,1,0,0,0,0,0,0,0,0,0,0,1,0,0,0,0,0
714,0,3,29.0,0.0,0,9.4833,1.0,1,9.4833,1,0,1,0,0,0,0,0,0,0,0,0,0,1,0,0,0,0,0
715,0,2,52.0,0.0,0,13.0,1.0,1,13.0,1,0,1,0,0,0,0,0,0,0,0,0,0,1,0,0,0,0,0
716,0,3,19.0,0.0,0,7.65,1.0,1,7.65,1,0,1,0,0,0,0,0,0,0,0,0,0,1,0,0,0,0,0
717,1,1,38.0,0.0,0,65.6344,1.0,1,65.6344,0,0,0,0,0,0,0,0,0,0,1,0,0,0,0,0,0,0,0
718,1,2,27.0,0.0,0,10.5,1.0,1,10.5,0,0,1,0,0,0,0,0,0,0,1,0,0,0,0,0,0,0,0
719,0,3,28.0,0.0,0,15.5,1.0,1,15.5,1,1,0,0,0,0,0,0,0,0,0,0,0,1,0,0,0,0,0
720,0,3,33.0,0.0,0,7.775,1.0,1,7.775,1,0,1,0,0,0,0,0,0,0,0,0,0,1,0,0,0,0,0
721,1,2,6.0,0.0,0,33.0,1.0,1,33.0,0,0,1,0,0,0,0,0,0,0,1,0,0,0,0,0,0,0,0
722,0,3,17.0,1.0,0,7.0542,2.0,0,3.5271,1,0,1,0,0,0,0,0,0,0,0,0,0,1,0,0,0,0,0
723,0,2,34.0,0.0,0,13.0,1.0,1,13.0,1,0,1,0,0,0,0,0,0,0,0,0,0,1,0,0,0,0,0
724,0,2,50.0,0.0,0,13.0,1.0,1,13.0,1,0,1,0,0,0,0,0,0,0,0,0,0,1,0,0,0,0,0
725,1,1,27.0,1.0,0,53.1,2.0,0,26.55,1,0,1,0,0,0,0,0,0,0,0,0,0,1,0,0,0,0,0
726,0,3,20.0,0.0,0,8.6625,1.0,1,8.6625,1,0,1,0,0,0,0,0,0,0,0,0,0,1,0,0,0,0,0
727,1,2,30.0,2.5,0,21.0,3.5,0,6.0,0,0,1,0,0,0,0,0,0,0,0,0,0,0,1,0,0,0,0
728,1,3,28.0,0.0,0,7.7375,1.0,1,7.7375,0,1,0,0,0,0,0,0,0,0,1,0,0,0,0,0,0,0,0
729,0,2,25.0,1.0,0,26.0,2.0,0,13.0,1,0,1,0,0,0,0,0,0,0,0,0,0,1,0,0,0,0,0
730,0,3,25.0,1.0,0,7.925,2.0,0,3.9625,0,0,1,0,0,0,0,0,0,0,1,0,0,0,0,0,0,0,0
731,1,1,29.0,0.0,0,65.6344,1.0,1,65.6344,0,0,1,0,0,0,0,0,0,0,1,0,0,0,0,0,0,0,0
732,0,3,11.0,0.0,0,18.7875,1.0,1,18.7875,1,0,0,0,0,0,0,0,0,0,0,0,0,1,0,0,0,0,0
733,0,2,28.0,0.0,0,0.0,1.0,1,0.0,1,0,1,0,0,0,0,0,0,0,0,0,0,1,0,0,0,0,0
734,0,2,23.0,0.0,0,13.0,1.0,1,13.0,1,0,1,0,0,0,0,0,0,0,0,0,0,1,0,0,0,0,0
735,0,2,23.0,0.0,0,13.0,1.0,1,13.0,1,0,1,0,0,0,0,0,0,0,0,0,0,1,0,0,0,0,0
736,0,3,28.5,0.0,0,16.1,1.0,1,16.1,1,0,1,0,0,0,0,0,0,0,0,0,0,1,0,0,0,0,0
737,0,3,48.0,1.0,0,34.375,2.0,0,17.1875,0,0,1,0,0,0,0,0,0,0,0,0,0,0,1,0,0,0,0
738,1,1,35.0,0.0,0,65.6344,1.0,1,65.6344,1,0,0,0,0,0,0,0,0,0,0,0,0,1,0,0,0,0,0
739,0,3,28.0,0.0,0,7.8958,1.0,1,7.8958,1,0,1,0,0,0,0,0,0,0,0,0,0,1,0,0,0,0,0
740,0,3,28.0,0.0,0,7.8958,1.0,1,7.8958,1,0,1,0,0,0,0,0,0,0,0,0,0,1,0,0,0,0,0
741,1,1,28.0,0.0,0,30.0,1.0,1,30.0,1,0,1,0,0,0,0,0,0,0,0,0,0,1,0,0,0,0,0
742,0,1,36.0,1.0,0,65.6344,2.0,0,32.8172,1,0,1,0,0,0,0,0,0,0,0,0,0,1,0,0,0,0,0
743,1,1,21.0,2.0,0,65.6344,3.0,0,21.878133333333334,0,0,0,0,0,0,0,0,0,0,1,0,0,0,0,0,0,0,0
744,0,3,24.0,1.0,0,16.1,2.0,0,8.05,1,0,1,0,0,0,0,0,0,0,0,0,0,1,0,0,0,0,0
745,1,3,31.0,0.0,0,7.925,1.0,1,7.925,1,0,1,0,0,0,0,0,0,0,0,0,0,1,0,0,0,0,0
746,0,1,54.5,1.0,0,65.6344,2.0,0,32.8172,1,0,1,0,0,0,0,0,0,0,0,0,0,0,0,0,0,0,0
747,0,3,16.0,1.0,0,20.25,2.0,0,10.125,1,0,1,0,0,0,0,0,0,0,0,0,0,1,0,0,0,0,0
748,1,2,30.0,0.0,0,13.0,1.0,1,13.0,0,0,1,0,0,0,0,0,0,0,1,0,0,0,0,0,0,0,0
749,0,1,19.0,1.0,0,53.1,2.0,0,26.55,1,0,1,0,0,0,0,0,0,0,0,0,0,1,0,0,0,0,0
750,0,3,31.0,0.0,0,7.75,1.0,1,7.75,1,1,0,0,0,0,0,0,0,0,0,0,0,1,0,0,0,0,0
751,1,2,4.0,1.0,0,23.0,2.0,0,11.5,0,0,1,0,0,0,0,0,0,0,1,0,0,0,0,0,0,0,0
752,1,3,6.0,0.0,0,12.475,1.0,1,12.475,1,0,1,0,0,0,0,0,0,1,0,0,0,0,0,0,0,0,0
753,0,3,33.0,0.0,0,9.5,1.0,1,9.5,1,0,1,0,0,0,0,0,0,0,0,0,0,1,0,0,0,0,0
754,0,3,23.0,0.0,0,7.8958,1.0,1,7.8958,1,0,1,0,0,0,0,0,0,0,0,0,0,1,0,0,0,0,0
755,1,2,48.0,1.0,0,65.0,2.0,0,32.5,0,0,1,0,0,0,0,0,0,0,0,0,0,0,1,0,0,0,0
756,1,2,2.5,1.0,0,14.5,2.0,0,7.25,1,0,1,0,0,0,0,0,0,1,0,0,0,0,0,0,0,0,0
757,0,3,28.0,0.0,0,7.7958,1.0,1,7.7958,1,0,1,0,0,0,0,0,0,0,0,0,0,1,0,0,0,0,0
758,0,2,18.0,0.0,0,11.5,1.0,1,11.5,1,0,1,0,0,0,0,0,0,0,0,0,0,1,0,0,0,0,0
759,0,3,34.0,0.0,0,8.05,1.0,1,8.05,1,0,1,0,0,0,0,0,0,0,0,0,0,1,0,0,0,0,0
760,1,1,33.0,0.0,0,65.6344,1.0,1,65.6344,0,0,1,0,0,0,0,0,0,0,0,0,0,0,0,0,0,0,1
761,0,3,28.0,0.0,0,14.5,1.0,1,14.5,1,0,1,0,0,0,0,0,0,0,0,0,0,1,0,0,0,0,0
762,0,3,41.0,0.0,0,7.125,1.0,1,7.125,1,0,1,0,0,0,0,0,0,0,0,0,0,1,0,0,0,0,0
763,1,3,20.0,0.0,0,7.2292,1.0,1,7.2292,1,0,0,0,0,0,0,0,0,0,0,0,0,1,0,0,0,0,0
764,1,1,36.0,1.0,0,65.6344,2.0,0,32.8172,0,0,1,0,0,0,0,0,0,0,0,0,0,0,1,0,0,0,0
765,0,3,16.0,0.0,0,7.775,1.0,1,7.775,1,0,1,0,0,0,0,0,0,0,0,0,0,1,0,0,0,0,0
766,1,1,51.0,1.0,0,65.6344,2.0,0,32.8172,0,0,1,0,0,0,0,0,0,0,0,0,0,0,1,0,0,0,0
767,0,1,28.0,0.0,0,39.6,1.0,1,39.6,1,0,0,0,0,1,0,0,0,0,0,0,0,0,0,0,0,0,0
768,0,3,30.5,0.0,0,7.75,1.0,1,7.75,0,1,0,0,0,0,0,0,0,0,1,0,0,0,0,0,0,0,0
769,0,3,28.0,1.0,0,24.15,2.0,0,12.075,1,1,0,0,0,0,0,0,0,0,0,0,0,1,0,0,0,0,0
770,0,3,32.0,0.0,0,8.3625,1.0,1,8.3625,1,0,1,0,0,0,0,0,0,0,0,0,0,1,0,0,0,0,0
771,0,3,24.0,0.0,0,9.5,1.0,1,9.5,1,0,1,0,0,0,0,0,0,0,0,0,0,1,0,0,0,0,0
772,0,3,48.0,0.0,0,7.8542,1.0,1,7.8542,1,0,1,0,0,0,0,0,0,0,0,0,0,1,0,0,0,0,0
773,0,2,54.5,0.0,0,10.5,1.0,1,10.5,0,0,1,0,0,0,0,0,0,0,0,0,0,0,1,0,0,0,0
774,0,3,28.0,0.0,0,7.225,1.0,1,7.225,1,0,0,0,0,0,0,0,0,0,0,0,0,1,0,0,0,0,0
775,1,2,54.0,1.0,0,23.0,2.0,0,11.5,0,0,1,0,0,0,0,0,0,0,0,0,0,0,1,0,0,0,0
776,0,3,18.0,0.0,0,7.75,1.0,1,7.75,1,0,1,0,0,0,0,0,0,0,0,0,0,1,0,0,0,0,0
777,0,3,28.0,0.0,0,7.75,1.0,1,7.75,1,1,0,0,0,0,0,0,0,0,0,0,0,1,0,0,0,0,0
778,1,3,5.0,0.0,0,12.475,1.0,1,12.475,0,0,1,0,0,0,0,0,0,0,1,0,0,0,0,0,0,0,0
779,0,3,28.0,0.0,0,7.7375,1.0,1,7.7375,1,1,0,0,0,0,0,0,0,0,0,0,0,1,0,0,0,0,0
780,1,1,43.0,0.0,0,65.6344,1.0,1,65.6344,0,0,1,0,0,0,0,0,0,0,0,0,0,0,1,0,0,0,0
781,1,3,13.0,0.0,0,7.2292,1.0,1,7.2292,0,0,0,0,0,0,0,0,0,0,1,0,0,0,0,0,0,0,0
782,1,1,17.0,1.0,0,57.0,2.0,0,28.5,0,0,1,0,0,0,0,0,0,0,0,0,0,0,1,0,0,0,0
783,0,1,29.0,0.0,0,30.0,1.0,1,30.0,1,0,1,0,0,0,0,0,0,0,0,0,0,1,0,0,0,0,0
784,0,3,28.0,1.0,0,23.45,2.0,0,11.725,1,0,1,0,0,0,0,0,0,0,0,0,0,1,0,0,0,0,0
785,0,3,25.0,0.0,0,7.05,1.0,1,7.05,1,0,1,0,0,0,0,0,0,0,0,0,0,1,0,0,0,0,0
786,0,3,25.0,0.0,0,7.25,1.0,1,7.25,1,0,1,0,0,0,0,0,0,0,0,0,0,1,0,0,0,0,0
787,1,3,18.0,0.0,0,7.4958,1.0,1,7.4958,0,0,1,0,0,0,0,0,0,0,1,0,0,0,0,0,0,0,0
788,0,3,8.0,2.5,0,29.125,3.5,0,8.321428571428571,1,1,0,0,0,0,0,0,0,1,0,0,0,0,0,0,0,0,0
789,1,3,2.5,1.0,0,20.575,2.0,0,10.2875,1,0,1,0,0,0,0,0,0,1,0,0,0,0,0,0,0,0,0
790,0,1,46.0,0.0,0,65.6344,1.0,1,65.6344,1,0,0,0,0,0,0,0,0,0,0,0,0,1,0,0,0,0,0
791,0,3,28.0,0.0,0,7.75,1.0,1,7.75,1,1,0,0,0,0,0,0,0,0,0,0,0,1,0,0,0,0,0
792,0,2,16.0,0.0,0,26.0,1.0,1,26.0,1,0,1,0,0,0,0,0,0,0,0,0,0,1,0,0,0,0,0
793,0,3,28.0,2.5,0,65.6344,3.5,0,18.752685714285715,0,0,1,0,0,0,0,0,0,0,1,0,0,0,0,0,0,0,0
794,0,1,28.0,0.0,0,30.6958,1.0,1,30.6958,1,0,0,0,0,0,0,0,0,0,0,0,0,1,0,0,0,0,0
795,0,3,25.0,0.0,0,7.8958,1.0,1,7.8958,1,0,1,0,0,0,0,0,0,0,0,0,0,1,0,0,0,0,0
796,0,2,39.0,0.0,0,13.0,1.0,1,13.0,1,0,1,0,0,0,0,0,0,0,0,0,0,1,0,0,0,0,0
797,1,1,49.0,0.0,0,25.9292,1.0,1,25.9292,0,0,1,0,0,1,0,0,0,0,0,0,0,0,0,0,0,0,0
798,1,3,31.0,0.0,0,8.6833,1.0,1,8.6833,0,0,1,0,0,0,0,0,0,0,0,0,0,0,1,0,0,0,0
799,0,3,30.0,0.0,0,7.2292,1.0,1,7.2292,1,0,0,0,0,0,0,0,0,0,0,0,0,1,0,0,0,0,0
800,0,3,30.0,1.0,0,24.15,2.0,0,12.075,0,0,1,0,0,0,0,0,0,0,0,0,0,0,1,0,0,0,0
801,0,2,34.0,0.0,0,13.0,1.0,1,13.0,1,0,1,0,0,0,0,0,0,0,0,0,0,1,0,0,0,0,0
802,1,2,31.0,1.0,0,26.25,2.0,0,13.125,0,0,1,0,0,0,0,0,0,0,0,0,0,0,1,0,0,0,0
803,1,1,11.0,1.0,0,65.6344,2.0,0,32.8172,1,0,1,0,0,0,0,0,0,1,0,0,0,0,0,0,0,0,0
804,1,3,2.5,0.0,0,8.5167,1.0,1,8.5167,1,0,0,0,0,0,0,0,0,1,0,0,0,0,0,0,0,0,0
805,1,3,27.0,0.0,0,6.975,1.0,1,6.975,1,0,1,0,0,0,0,0,0,0,0,0,0,1,0,0,0,0,0
806,0,3,31.0,0.0,0,7.775,1.0,1,7.775,1,0,1,0,0,0,0,0,0,0,0,0,0,1,0,0,0,0,0
807,0,1,39.0,0.0,0,0.0,1.0,1,0.0,1,0,1,0,0,0,0,0,0,0,0,0,0,1,0,0,0,0,0
808,0,3,18.0,0.0,0,7.775,1.0,1,7.775,0,0,1,0,0,0,0,0,0,0,1,0,0,0,0,0,0,0,0
809,0,2,39.0,0.0,0,13.0,1.0,1,13.0,1,0,1,0,0,0,0,0,0,0,0,0,0,1,0,0,0,0,0
810,1,1,33.0,1.0,0,53.1,2.0,0,26.55,0,0,1,0,0,0,0,0,0,0,0,0,0,0,1,0,0,0,0
811,0,3,26.0,0.0,0,7.8875,1.0,1,7.8875,1,0,1,0,0,0,0,0,0,0,0,0,0,1,0,0,0,0,0
812,0,3,39.0,0.0,0,24.15,1.0,1,24.15,1,0,1,0,0,0,0,0,0,0,0,0,0,1,0,0,0,0,0
813,0,2,35.0,0.0,0,10.5,1.0,1,10.5,1,0,1,0,0,0,0,0,0,0,0,0,0,1,0,0,0,0,0
814,0,3,6.0,2.5,0,31.275,3.5,0,8.935714285714285,0,0,1,0,0,0,0,0,0,0,1,0,0,0,0,0,0,0,0
815,0,3,30.5,0.0,0,8.05,1.0,1,8.05,1,0,1,0,0,0,0,0,0,0,0,0,0,1,0,0,0,0,0
816,0,1,28.0,0.0,0,0.0,1.0,1,0.0,1,0,1,0,0,0,0,0,0,0,0,0,0,1,0,0,0,0,0
817,0,3,23.0,0.0,0,7.925,1.0,1,7.925,0,0,1,0,0,0,0,0,0,0,1,0,0,0,0,0,0,0,0
818,0,2,31.0,1.0,0,37.0042,2.0,0,18.5021,1,0,0,0,0,0,0,0,0,0,0,0,0,1,0,0,0,0,0
819,0,3,43.0,0.0,0,6.45,1.0,1,6.45,1,0,1,0,0,0,0,0,0,0,0,0,0,1,0,0,0,0,0
820,0,3,10.0,2.5,0,27.9,3.5,0,7.971428571428571,1,0,1,0,0,0,0,0,0,1,0,0,0,0,0,0,0,0,0
821,1,1,52.0,1.0,0,65.6344,2.0,0,32.8172,0,0,1,0,0,0,0,0,0,0,0,0,0,0,1,0,0,0,0
822,1,3,27.0,0.0,0,8.6625,1.0,1,8.6625,1,0,1,0,0,0,0,0,0,0,0,0,0,1,0,0,0,0,0
823,0,1,38.0,0.0,0,0.0,1.0,1,0.0,1,0,1,0,0,0,1,0,0,0,0,0,0,0,0,0,0,0,0
824,1,3,27.0,0.0,0,12.475,1.0,1,12.475,0,0,1,0,0,0,0,0,0,0,0,0,0,0,1,0,0,0,0
825,0,3,2.5,2.5,0,39.6875,3.5,0,11.339285714285714,1,0,1,0,0,0,0,0,0,1,0,0,0,0,0,0,0,0,0
826,0,3,28.0,0.0,0,6.95,1.0,1,6.95,1,1,0,0,0,0,0,0,0,0,0,0,0,1,0,0,0,0,0
827,0,3,28.0,0.0,0,56.4958,1.0,1,56.4958,1,0,1,0,0,0,0,0,0,0,0,0,0,1,0,0,0,0,0
828,1,2,2.5,0.0,0,37.0042,1.0,1,37.0042,1,0,0,0,0,0,0,0,0,1,0,0,0,0,0,0,0,0,0
829,1,3,28.0,0.0,0,7.75,1.0,1,7.75,1,1,0,0,0,0,0,0,0,0,0,0,0,1,0,0,0,0,0
830,1,1,54.5,0.0,0,65.6344,1.0,1,65.6344,0,0,1,0,0,0,0,0,0,0,0,0,0,0,1,0,0,0,0
831,1,3,15.0,1.0,0,14.4542,2.0,0,7.2271,0,0,0,0,0,0,0,0,0,0,0,0,0,0,1,0,0,0,0
832,1,2,2.5,1.0,0,18.75,2.0,0,9.375,1,0,1,0,0,0,0,0,0,1,0,0,0,0,0,0,0,0,0
833,0,3,28.0,0.0,0,7.2292,1.0,1,7.2292,1,0,0,0,0,0,0,0,0,0,0,0,0,1,0,0,0,0,0
834,0,3,23.0,0.0,0,7.8542,1.0,1,7.8542,1,0,1,0,0,0,0,0,0,0,0,0,0,1,0,0,0,0,0
835,0,3,18.0,0.0,0,8.3,1.0,1,8.3,1,0,1,0,0,0,0,0,0,0,0,0,0,1,0,0,0,0,0
836,1,1,39.0,1.0,0,65.6344,2.0,0,32.8172,0,0,0,0,0,0,0,0,0,0,1,0,0,0,0,0,0,0,0
837,0,3,21.0,0.0,0,8.6625,1.0,1,8.6625,1,0,1,0,0,0,0,0,0,0,0,0,0,1,0,0,0,0,0
838,0,3,28.0,0.0,0,8.05,1.0,1,8.05,1,0,1,0,0,0,0,0,0,0,0,0,0,1,0,0,0,0,0
839,1,3,32.0,0.0,0,56.4958,1.0,1,56.4958,1,0,1,0,0,0,0,0,0,0,0,0,0,1,0,0,0,0,0
840,1,1,28.0,0.0,0,29.7,1.0,1,29.7,1,0,0,0,0,0,0,0,0,0,0,0,0,1,0,0,0,0,0
841,0,3,20.0,0.0,0,7.925,1.0,1,7.925,1,0,1,0,0,0,0,0,0,0,0,0,0,1,0,0,0,0,0
842,0,2,16.0,0.0,0,10.5,1.0,1,10.5,1,0,1,0,0,0,0,0,0,0,0,0,0,1,0,0,0,0,0
843,1,1,30.0,0.0,0,31.0,1.0,1,31.0,0,0,0,0,0,0,0,0,0,0,1,0,0,0,0,0,0,0,0
844,0,3,34.5,0.0,0,6.4375,1.0,1,6.4375,1,0,0,0,0,0,0,0,0,0,0,0,0,1,0,0,0,0,0
845,0,3,17.0,0.0,0,8.6625,1.0,1,8.6625,1,0,1,0,0,0,0,0,0,0,0,0,0,1,0,0,0,0,0
846,0,3,42.0,0.0,0,7.55,1.0,1,7.55,1,0,1,0,0,0,0,0,0,0,0,0,0,1,0,0,0,0,0
847,0,3,28.0,2.5,0,65.6344,3.5,0,18.752685714285715,1,0,1,0,0,0,0,0,0,0,0,0,0,1,0,0,0,0,0
848,0,3,35.0,0.0,0,7.8958,1.0,1,7.8958,1,0,0,0,0,0,0,0,0,0,0,0,0,1,0,0,0,0,0
849,0,2,28.0,0.0,0,33.0,1.0,1,33.0,1,0,1,0,0,0,0,0,0,0,0,0,0,0,0,0,1,0,0
850,1,1,28.0,1.0,0,65.6344,2.0,0,32.8172,0,0,0,0,0,0,0,0,0,0,0,0,0,0,1,0,0,0,0
851,0,3,4.0,2.5,0,31.275,3.5,0,8.935714285714285,1,0,1,0,0,0,0,0,0,1,0,0,0,0,0,0,0,0,0
852,0,3,54.5,0.0,0,7.775,1.0,1,7.775,1,0,1,0,0,0,0,0,0,0,0,0,0,1,0,0,0,0,0
853,0,3,9.0,1.0,0,15.2458,2.0,0,7.6229,0,0,0,0,0,0,0,0,0,0,1,0,0,0,0,0,0,0,0
854,1,1,16.0,0.0,0,39.4,1.0,1,39.4,0,0,1,0,0,0,0,0,0,0,1,0,0,0,0,0,0,0,0
855,0,2,44.0,1.0,0,26.0,2.0,0,13.0,0,0,1,0,0,0,0,0,0,0,0,0,0,0,1,0,0,0,0
856,1,3,18.0,0.0,0,9.35,1.0,1,9.35,0,0,1,0,0,0,0,0,0,0,0,0,0,0,1,0,0,0,0
857,1,1,45.0,1.0,0,65.6344,2.0,0,32.8172,0,0,1,0,0,0,0,0,0,0,0,0,0,0,1,0,0,0,0
858,1,1,51.0,0.0,0,26.55,1.0,1,26.55,1,0,1,0,0,0,0,0,0,0,0,0,0,1,0,0,0,0,0
859,1,3,24.0,0.0,0,19.2583,1.0,1,19.2583,0,0,0,0,0,0,0,0,0,0,0,0,0,0,1,0,0,0,0
860,0,3,28.0,0.0,0,7.2292,1.0,1,7.2292,1,0,0,0,0,0,0,0,0,0,0,0,0,1,0,0,0,0,0
861,0,3,41.0,2.0,0,14.1083,3.0,0,4.702766666666666,1,0,1,0,0,0,0,0,0,0,0,0,0,1,0,0,0,0,0
862,0,2,21.0,1.0,0,11.5,2.0,0,5.75,1,0,1,0,0,0,0,0,0,0,0,0,0,1,0,0,0,0,0
863,1,1,48.0,0.0,0,25.9292,1.0,1,25.9292,0,0,1,0,0,0,0,0,0,0,0,0,0,0,1,0,0,0,0
864,0,3,28.0,2.5,0,65.6344,3.5,0,18.752685714285715,0,0,1,0,0,0,0,0,0,0,1,0,0,0,0,0,0,0,0
865,0,2,24.0,0.0,0,13.0,1.0,1,13.0,1,0,1,0,0,0,0,0,0,0,0,0,0,1,0,0,0,0,0
866,1,2,42.0,0.0,0,13.0,1.0,1,13.0,0,0,1,0,0,0,0,0,0,0,0,0,0,0,1,0,0,0,0
867,1,2,27.0,1.0,0,13.8583,2.0,0,6.92915,0,0,0,0,0,0,0,0,0,0,1,0,0,0,0,0,0,0,0
868,0,1,31.0,0.0,0,50.4958,1.0,1,50.4958,1,0,1,0,0,0,0,0,0,0,0,0,0,1,0,0,0,0,0
869,0,3,28.0,0.0,0,9.5,1.0,1,9.5,1,0,1,0,0,0,0,0,0,0,0,0,0,1,0,0,0,0,0
870,1,3,4.0,1.0,0,11.1333,2.0,0,5.56665,1,0,1,0,0,0,0,0,0,1,0,0,0,0,0,0,0,0,0
871,0,3,26.0,0.0,0,7.8958,1.0,1,7.8958,1,0,1,0,0,0,0,0,0,0,0,0,0,1,0,0,0,0,0
872,1,1,47.0,1.0,0,52.5542,2.0,0,26.2771,0,0,1,0,0,0,0,0,0,0,0,0,0,0,1,0,0,0,0
873,0,1,33.0,0.0,0,5.0,1.0,1,5.0,1,0,1,0,0,0,0,0,0,0,0,0,0,1,0,0,0,0,0
874,0,3,47.0,0.0,0,9.0,1.0,1,9.0,1,0,1,0,0,0,0,0,0,0,0,0,0,1,0,0,0,0,0
875,1,2,28.0,1.0,0,24.0,2.0,0,12.0,0,0,0,0,0,0,0,0,0,0,0,0,0,0,1,0,0,0,0
876,1,3,15.0,0.0,0,7.225,1.0,1,7.225,0,0,0,0,0,0,0,0,0,0,1,0,0,0,0,0,0,0,0
877,0,3,20.0,0.0,0,9.8458,1.0,1,9.8458,1,0,1,0,0,0,0,0,0,0,0,0,0,1,0,0,0,0,0
878,0,3,19.0,0.0,0,7.8958,1.0,1,7.8958,1,0,1,0,0,0,0,0,0,0,0,0,0,1,0,0,0,0,0
879,0,3,28.0,0.0,0,7.8958,1.0,1,7.8958,1,0,1,0,0,0,0,0,0,0,0,0,0,1,0,0,0,0,0
880,1,1,54.5,0.0,0,65.6344,1.0,1,65.6344,0,0,0,0,0,0,0,0,0,0,0,0,0,0,1,0,0,0,0
881,1,2,25.0,0.0,0,26.0,1.0,1,26.0,0,0,1,0,0,0,0,0,0,0,0,0,0,0,1,0,0,0,0
882,0,3,33.0,0.0,0,7.8958,1.0,1,7.8958,1,0,1,0,0,0,0,0,0,0,0,0,0,1,0,0,0,0,0
883,0,3,22.0,0.0,0,10.5167,1.0,1,10.5167,0,0,1,0,0,0,0,0,0,0,1,0,0,0,0,0,0,0,0
884,0,2,28.0,0.0,0,10.5,1.0,1,10.5,1,0,1,0,0,0,0,0,0,0,0,0,0,1,0,0,0,0,0
885,0,3,25.0,0.0,0,7.05,1.0,1,7.05,1,0,1,0,0,0,0,0,0,0,0,0,0,1,0,0,0,0,0
886,0,3,39.0,0.0,0,29.125,1.0,1,29.125,0,1,0,0,0,0,0,0,0,0,0,0,0,0,1,0,0,0,0
887,0,2,27.0,0.0,0,13.0,1.0,1,13.0,1,0,1,0,0,0,0,0,0,0,0,0,0,0,0,0,1,0,0
888,1,1,19.0,0.0,0,30.0,1.0,1,30.0,0,0,1,0,0,0,0,0,0,0,1,0,0,0,0,0,0,0,0
889,0,3,28.0,1.0,0,23.45,2.0,0,11.725,0,0,1,0,0,0,0,0,0,0,1,0,0,0,0,0,0,0,0
890,1,1,26.0,0.0,0,30.0,1.0,1,30.0,1,0,0,0,0,0,0,0,0,0,0,0,0,1,0,0,0,0,0
891,0,3,32.0,0.0,0,7.75,1.0,1,7.75,1,1,0,0,0,0,0,0,0,0,0,0,0,1,0,0,0,0,0
